Building#,Altitude,BuildingHeight,BuildingWidth,NestHeight,SquareArea,AveNoise,temp,prec,win,nd,npp,pop,lon,lat,NestCount,NestD1,AvilNest,AvaNR2,gdpp,NestHeightR,DensityR,AvaNR,light,urban,ID
Building 11,47,30,56,15,5100,32,19.52,77.17,2.45,4782,-1.37E-10,1108.980103,116.23,40.06,17,0,40,1.428571429,16.49040485,6.45,0.303571429,0.714285714,62,0.90498811006546,11640
Building 3,47,27,67,16.5,1600,35,19.52,77.17,2.45,4782,-1.37E-10,1108.980103,116.23,40.06,13,0.5,48,1.611940299,16.49040485,4.31235,0.194029851,0.71641791,62,0.90498811006546,11640
Building 8-1,47,30,56,12,1600,44,19.52,77.17,2.45,4782,-1.37E-10,1108.980103,116.23,40.06,10,1,24,1.428571429,16.49040485,4.875,0.178571429,0.428571429,62,0.90498811006546,11640
Building 8-2,47,30,56,19.2,1600,47,19.52,77.17,2.45,4782,-1.37E-10,1108.980103,116.23,40.06,13,0,40,1.428571429,16.49040485,5.325,0.232142857,0.714285714,62,0.90498811006546,11640
Building 9-1,47,30,56,16.5,1200,34,19.52,77.17,2.45,4782,-1.37E-10,1108.980103,116.23,40.06,9,1,32,1.285714286,16.49040485,4.875,0.160714286,0.571428571,62,0.90498811006546,11640
Building 9-2,47,30,56,16,2800,34,19.52,77.17,2.45,4782,-1.37E-10,1108.980103,116.23,40.06,6,0,24,1.285714286,16.49040485,3.75,0.107142857,0.428571429,62,0.90498811006546,11640
SOHO,2236,53.5,75,12.25,28600,51,12.15,47.83,2.6,4349,-4.48E-11,364.5963745,101.71,36.64,6,0,36,2.52,5.563206934,1.9025875,0.08,0.48,63,0.725927948951721,10237
Aerding Community Building 25,1049,18,50,12.75,3200,49,15.4,37.33,3.08,2201,-1.64E-11,17128.05469,109.83,40.64,3,0,14,0.84,10.28797015,2.428875,0.06,0.28,63,0.846382856369019,11041
Aerding Community Building 26,1033,24.5,20,15.75,9300,56,15.4,37.33,3.08,2201,-1.64E-11,17128.05469,109.83,40.64,2,1,6,1.2,10.28797015,5.249475,0.1,0.3,63,0.846382856369019,11041
Aerding Community Building 29,1056,18,75,10.5,2000,54,15.47,38,3.13,2201,-1.64E-11,5291.505859,109.83,40.63,4,0,16,0.426666667,10.28797015,2.610983333,0.053333333,0.213333333,63,0.865162968635559,11041
Aerding Community Building 35,1048,18,60,10.5,11200,48,15.4,37.33,3.08,2201,-1.64E-11,17128.05469,109.83,40.64,5,0,19,0.633333333,10.28797015,3.02365,0.083333333,0.316666667,63,0.846382856369019,11041
Anding Heshi Hotel,1865,12,35,10.5,276,45,12.22,51.33,2.12,3589,6.86232182189883e-10,6600.537598,104.62,35.58,2,0,20,1.142857143,1.748585732,1.05,0.057142857,0.571428571,60,0.815599143505096,10536
Antian Community Building 11,1499.14,15,40,9,1000,58,16.12,43,1.82,2745,4.1975678488626e-10,8031.983887,103.83,36.04,3,0.5,10,0.625,6.621804697,2.4,0.075,0.25,62,0.8785480260849,10436
Baiyin District Zhaoshangju Family Quarters,1658,21,60,16,2100,53,15.08,30,2.47,2081,4.7367199051962e-10,2151.73999,104.17,36.54,4,1,14,0.544444444,3.216234269,4.15,0.066666667,0.233333333,62,0.858234941959381,10437
Baiyin Community Building 14,1704.8,18,70,7.75,1600,48,14.87,30.17,2.45,1722,4.7367199051962e-10,1864.465088,104.17,36.56,3,0,8,0.342857143,3.216234269,3,0.042857143,0.114285714,61,0.741918563842773,10437
Baiyin Community Building 16,1689.66,18,60,6.75,1600,48,14.87,30.17,2.45,1722,4.7367199051962e-10,1864.465088,104.17,36.56,2,1,7,0.35,3.216234269,1.89575,0.033333333,0.116666667,61,0.741918563842773,10437
Baihe Jiayuan 1,1045,18,75,15,1500,49,15,55.83,2.78,4992,-7.75E-11,637.1682129,113.25,38.72,6,0,18,0.48,1.651416888,4.8333,0.08,0.24,18,0.788047611713409,11339
Baihe Jiayuan 2,1045,18,75,13.5,1500,49,15,55.83,2.78,4992,-7.75E-11,637.1682129,113.25,38.72,7,1,24,0.48,1.651416888,4.37505,0.093333333,0.32,18,0.788047611713409,11339
Baiwang Moli Garden,50,33,68,15.6,2400,33,19.5,77.17,2.47,4587,-1.37E-10,1108.980225,116.24,40.05,12,0,40,1.294117647,16.49040485,5.175,0.176470588,0.588235294,62,0.938822329044342,11640
Baoqing Jiayuan Building 14,1080,20,60,9.5,2400,47,16.35,25.83,2.68,3985,7.56520887601475e-11,2247.632813,106.29,38.44,5,1,17,0.661111111,6.870651127,2.5613,0.083333333,0.283333333,63,0.816733956336975,10638
Baoqing Jiayuan Building 15,1093,17.5,60,12,1600,58,16.35,25.83,2.68,3985,7.56520887601475e-11,2247.632813,106.29,38.44,8,1,22,0.55,6.870651127,4.12495,0.133333333,0.366666667,63,0.816733956336975,10638
Baoqing Jiayuan Building 3,1079,21.5,50,17.5,1050,61,16.35,25.83,2.68,3985,7.56520887601475e-11,2247.632813,106.29,38.44,4,1,13,0.606666667,6.870651127,5.85,0.08,0.26,63,0.816733956336975,10638
Beiguan Jingcheng 1,58,108,35,7.5,4800,55,20.12,66,2.4,2679,3.27030652558236e-10,2083.497559,114.57,38.16,12,0,16,8.228571429,5.339318905,5.6001,0.342857143,0.457142857,62,0.916078567504883,11538
Beiguan Jingcheng 2,58,108,35,12,4800,55,20.12,66,2.4,2679,3.27030652558236e-10,2083.497559,114.57,38.16,30,1,42,8.64,5.339318905,8.52012,0.857142857,1.2,62,0.916078567504883,11538
Beijing Haidian Yongfeng Nonggongshang Corporation,48,19.8,60,10,3250,54,19.5,76.5,2.43,3823,-1.35E-10,1108.980103,116.25,40.07,10,1,30,1,16.49040485,3.6,0.166666667,0.5,63,0.889460384845734,11640
Bihai Garden 1,1046,18,74,13.5,1480,57,14.9,55.17,2.8,4992,-7.75E-11,799.8779907,113.25,38.74,7,0,72,1.459459459,1.651416888,1.458675,0.094594595,0.972972973,10,0.738123297691345,11339
Bihai Garden 2,1046,18,57,12,1140,57,14.9,55.17,2.8,4992,-7.75E-11,799.8779907,113.25,38.74,6,1,90,1.894736842,1.651416888,0.8337,0.105263158,1.578947368,10,0.738123297691345,11339
Bil¨¹ Community 1,3,15,30,12,450,52,16.47,84.67,4.12,3819,-1.35E-10,7076.80127,119.69,39.95,9,1,18,1,1.651416888,6.1667,0.3,0.6,54,0.909962892532349,12040
Bil¨¹ Community 2,3,15,30,15,450,52,16.47,84.67,4.12,3819,-1.35E-10,7076.80127,119.69,39.95,1,0,6,1,1.651416888,2.5005,0.033333333,0.2,54,0.909962892532349,12040
Bishui Lanwan Building 17,72,33,6,24,7200,64,20.2,66.5,2.3,3114,3.52209678089466e-10,5815.134277,114.42,38,3,1,3,1.833333333,5.282647592,24,0.5,0.5,61,0.845745027065277,11438
Bishui Lanwan Building 18,72,36,50,16.8,3000,64,20.2,66.5,2.3,3114,3.52209678089466e-10,5815.134277,114.42,38,8,0,30,1.44,5.282647592,4.60056,0.16,0.6,61,0.845745027065277,11438
Binhe West Road No.20,920,18,35,13.5,1500,62,16.8,58.17,2.48,4171,4.80922697498887e-11,4088.231934,111.12,37.52,3,1,8,0.685714286,4.525735553,4.275,0.085714286,0.228571429,57,0.724089562892914,11138
Binhe Yuexiu 1,51,78,40,13.5,12000,46,20.28,65.17,2.4,2612,3.27030652558236e-10,2083.497803,114.55,38.13,24,0,29,4.7125,5.339318905,10.7625,0.6,0.725,62,0.782604515552521,11538
Binhe Yuexiu 2,51,78,40,12,12000,46,20.28,65.17,2.4,2612,3.27030652558236e-10,2083.497803,114.55,38.13,14,1,18,3.9,5.339318905,9,0.35,0.45,62,0.782604515552521,11538
Binjiang Garden,909,48,70,15.75,1400,56,16.8,58,2.5,4171,4.80922697498887e-11,4088.232178,111.12,37.53,12,0.5,36,2.057142857,4.525735553,4.995,0.171428571,0.514285714,57,0.811707735061646,11138
Binxi Garden Block B,785,34,80,14.75,4500,43,16.97,52.33,2.47,2770,1.85207613134786e-10,13832.34375,112.52,37.9,7,1,49,1.684375,7.830320956,2.008525,0.0875,0.6125,63,0.865366697311401,11338
Binxi Garden Block C,773,76,80,15.5,7500,51,16.97,52.33,2.47,2770,1.85207613134786e-10,13832.34375,112.52,37.9,23,0,83,3.705357143,7.830320956,3.811257143,0.2875,1.0375,63,0.865366697311401,11338
Buxili 101,16,14.5,60,9,3200,40,18.92,89,2.83,3719,-1.43E-10,4377.05957,118.17,39.66,1,0,5,0.416666667,9.342985078,1.8,0.016666667,0.083333333,63,0.937593400478363,11840
Buxili 102,16,14.5,60,6,3200,40,18.92,89,2.83,3719,-1.43E-10,4377.05957,118.17,39.66,1,1,6,0.5,9.342985078,1.0002,0.016666667,0.1,63,0.937593400478363,11840
Caizheng Ganbu Center Family Quarters 1,1089,18.5,70,13,2100,58,14.95,49.5,3.03,2055,-3.56E-11,2576.150879,113.29,40.07,6,0,18,0.385714286,4.411076668,3.8540875,0.085714286,0.257142857,63,0.940859019756317,11340
Caizheng Ganbu Center Family Quarters 2,1089,18.5,70,12.25,2100,58,14.95,49.5,3.03,2055,-3.56E-11,2576.150879,113.29,40.07,5,1,12,0.514285714,4.411076668,5.1574,0.071428571,0.171428571,63,0.940859019756317,11340
Caiqiao Xincun Building 19,1194.07,15,30,15,1250,46,16.02,24.17,2.67,4876,2.8036817312227e-10,3191.763428,105.2,37.5,1,1,3,0.5,4.125411304,4.9995,0.033333333,0.1,61,0.688499271869659,10538
Caiqiao Xincun Building 22,1186.312,15,40,8.4,930,45,16.02,24.17,2.67,4876,2.8036817312227e-10,3191.763428,105.2,37.5,8,0.6,29,0.725,4.125411304,2.87004,0.2,0.725,61,0.688499271869659,10538
Caiqiao Xincun Building 5,1193.29,18,20,4.5,600,58,16.02,24.17,2.67,4876,2.8036817312227e-10,3191.763428,105.2,37.5,4,0,9,1.125,4.125411304,1.65,0.2,0.45,61,0.688499271869659,10538
Changsheng North Street Building 14,44,15,45,12,450,47,20.15,61.5,2.43,3651,4.28234336879996e-10,2560.021729,114.85,38.03,8,0,30,1.111111111,5.282647592,3.2,0.177777778,0.666666667,58,0.933753490447998,11538
Changsheng North Street Building 16,42,15,45,10.5,450,52,20.15,61.5,2.43,3651,4.28234336879996e-10,2560.021729,114.85,38.03,9,0,48,1.333333333,5.282647592,1.999725,0.2,1.066666667,58,0.933753490447998,11538
Changsheng North Street Building 21,45,15,40,10.5,400,49,20.15,61.5,2.43,3651,4.28234336879996e-10,2560.021729,114.85,38.03,7,0,40,1.25,5.282647592,1.875,0.175,1,58,0.933753490447998,11538
Changning Community,908,21,55,12,1265,53,16.8,59.83,2.42,4171,4.80922697498887e-11,3875.931396,111.12,37.51,3,0.5,10,0.636363636,4.525735553,3.3,0.054545455,0.181818182,55,0.845815718173981,11138
Chaoyang Jiayuan 1,639,18,87,13.5,1740,53,15.2,62.83,2.7,5618,-8.89E-11,286.9842529,116.65,41.2,4,0,6,0.206896552,2.668889209,10.49985,0.045977011,0.068965517,59,0.817656457424164,11741
Chaoyang Jiayuan 2,639,18,87,13.5,1740,53,15.2,62.83,2.7,5618,-8.89E-11,286.9842529,116.65,41.2,3,1,6,0.206896552,2.668889209,7.50015,0.034482759,0.068965517,59,0.817656457424164,11741
Chaoyang Jiayuan 3,639,18,87,13.5,1740,53,15.2,62.83,2.7,5618,-8.89E-11,286.9842529,116.65,41.2,2,0,7,0.24137931,2.668889209,3.74985,0.022988506,0.08045977,59,0.817656457424164,11741
Chenguang Jiayuan 10,0,18,55,14,1650,40,18.9,89.5,2.95,4048,-1.09E-10,2112.590332,118.1,39.57,7,0.5,26,0.472727273,9.342985078,4.3762,0.127272727,0.472727273,63,0.930342793464661,11840
Chenguang Jiayuan 12,0,18,55,13.5,1650,40,18.9,89.5,2.95,4048,-1.09E-10,2112.590332,118.1,39.57,2,1,10,0.545454545,9.342985078,2.7,0.036363636,0.181818182,63,0.930342793464661,11840
Chenguang Jiayuan 13,0,18,55,13.5,1650,40,18.9,89.5,2.95,4048,-1.09E-10,2112.590332,118.1,39.57,1,1,1,0.109090909,9.342985078,13.5,0.018181818,0.018181818,63,0.930342793464661,11840
Chenguang Jiayuan 14,0,18,60,10.5,2800,40,18.9,89.5,2.95,4048,-1.09E-10,2112.590332,118.1,39.57,10,1,31,0.516666667,9.342985078,3.4249,0.166666667,0.516666667,63,0.930342793464661,11840
Chenguang Jiayuan 15,0,18,60,9,2800,40,18.9,89.5,2.95,4048,-1.09E-10,2112.590332,118.1,39.57,1,1,8,0.8,9.342985078,1.125,0.016666667,0.133333333,63,0.930342793464661,11840
Chenguang Jiayuan 4,0,18,55,13,3150,40,18.9,89.5,2.95,4048,-1.09E-10,2112.590332,118.1,39.57,3,1,22,0.8,9.342985078,1.8019,0.054545455,0.4,63,0.930342793464661,11840
Chenguang Jiayuan 8,0,18,60,10.5,3150,40,18.9,89.5,2.95,4048,-1.09E-10,2112.590332,118.1,39.57,2,1,10,0.5,9.342985078,2.1,0.033333333,0.166666667,63,0.930342793464661,11840
Chenxi Garden,701,18,69,14,1449,46,17.52,58.83,2.53,3929,1.14065555611997e-10,924.5044556,113.59,37.87,6,1,15,0.434782609,5.629102658,5.2,0.086956522,0.217391304,62,0.909726500511169,11438
Chenxin Garden Phase I 12,1035,57,50,18.5,600,57,15.03,49,3.02,2055,-3.56E-11,3164.610352,113.27,40.06,5,0,33,2.97,4.411076668,2.6527,0.1,0.66,63,0.947630286216736,11340
Chenxin Garden Phase I 13,1035,48,65,15.5,1500,56,15.03,49,3.02,2055,-3.56E-11,3164.610352,113.27,40.06,14,0,56,3.446153846,4.411076668,3.73215,0.215384615,0.861538462,63,0.947630286216736,11340
Chenxin Garden Phase I 14,1031,21,30,14.75,1000,54,15.03,49,3.02,2055,-3.56E-11,3164.610352,113.27,40.06,12,0,35,2.041666667,4.411076668,5.5752,0.4,1.166666667,63,0.947630286216736,11340
Chengdong Community,921,18,80,13.5,960,50,16.53,59.5,2.43,3272,4.80922697498887e-11,3050.311768,111.16,37.52,4,0,12,0.45,4.525735553,3.753,0.05,0.15,58,0.87786078453064,11138
City Garden,253.4,20.1,62.5,13.2,1328.8,50.2,19.3,64.22,2.555,6948.1,6.88668677639726e-10,2635.711743,114.425,37.303,16,0.3,110,1.1792,3.846571398,2.51787,0.256,1.76,8,0.73396223783493,11437
Shengdi Lijiang Building 3,89,36,40,19.5,5500,60,20.12,66.17,2.32,3114,3.52209678089466e-10,4894.630859,114.42,37.99,46,1,90,2.475,5.282647592,10.33353,1.15,2.25,60,0.858714699745178,11438
Shengdi Lijiang Building 4,89,54,50,25.92857143,6500,71,20.12,66.17,2.32,3114,3.52209678089466e-10,4894.630859,114.42,37.99,50,1,140,3.6,5.282647592,6.45,1,2.8,60,0.858714699745178,11438
Chixin Community Building 22,1036,19,60,12,1400,46,14.98,48.83,3,2055,-3.56E-11,3164.610352,113.28,40.06,4,0,17,0.566666667,4.411076668,2.500133333,0.066666667,0.283333333,63,0.931608021259308,11340
Chunfeng Jiayuan,1119,24,60,10,1350,41.7,17.37,71.5,1.68,3883,1.43558154253043e-09,4892.974121,105.75,34.58,2,0,12,0.6,2.23442611,1.667,0.033333333,0.2,60,0.854923784732819,10635
Cuiyuan Court,805,78,53,13.5,2120,53,16.85,56.17,2.52,5455,-9.45E-12,6922.654785,112.71,38.43,7,1,24,2.943396226,3.846571398,4.250025,0.132075472,0.452830189,63,0.907599329948425,11338
Derong Dijing,0,84,25,21,10000,20,19.85,80.5,2.45,3972,-2.33E-11,321.1707153,116.69,39.48,24,0,108,13.44,6.041448462,3.972266667,0.96,4.32,62,0.820578515529633,11739
Derong Garden,652,63,56,15,2352,50,17.8,58.67,2.55,2738,1.14065555611997e-10,1453.12085,113.6,37.86,10,0,32,3,5.629102658,4.5,0.178571429,0.571428571,61,0.879434108734131,11438
Deyej¨¹ Garden No.12,690,21,40,10,1200,57,17.77,59,2.57,3797,1.14065555611997e-10,1453.120972,113.61,37.84,1,1,5,0.875,5.629102658,2,0.025,0.125,59,0.846988081932068,11438
Deyej¨¹ Garden No.13,690,21,40,9,1200,57,17.77,59,2.57,3797,1.14065555611997e-10,1453.120972,113.61,37.84,3,1,15,0.875,5.629102658,1.8,0.075,0.375,59,0.846988081932068,11438
Dishuiju Community,798,18.5,20,15.5,1600,30,17.1,55.5,2.53,2770,1.85207613134786e-10,17396.63867,112.53,37.87,1,0,3,0.9,7.830320956,5.16615,0.05,0.15,63,0.925162136554718,11338
Dianzi Chanpin Jianyansuo Family Quarters,750,21,20,9,2400,60,17.08,54.83,2.43,2770,1.85207613134786e-10,41193.37109,112.52,37.86,1,1,1,0.35,7.830320956,9,0.05,0.05,63,0.93959641456604,11338
Dongcheng Shui'an,650,21,32,10.5,448,60,17.75,59,2.53,2738,1.14065555611997e-10,1453.12085,113.61,37.86,21,0.5,32,1.75,5.629102658,6.1875,0.65625,1,61,0.819846391677856,11438
Dongcheng Shui'an Building 3,615,90,20,12,800,67,17.75,59,2.53,2738,1.14065555611997e-10,1453.12085,113.61,37.86,3,0,24,17.4,5.629102658,1.3749,0.15,1.2,61,0.819846391677856,11438
Dongfang Garden B-1,1200.76,18,70,11.25,2400,56,16.22,24.83,2.43,5576,2.53585569209847e-10,2074.056885,105.21,37.52,4,0,15,0.642857143,4.125411304,2.24115,0.057142857,0.214285714,59,0.816579818725586,10538
Dongfang Jiayuan Building 15,1212.26,18.5,50,14.33333333,2800,50,16.32,24.5,2.53,5576,2.53585569209847e-10,3191.763184,105.2,37.52,4,1,14,0.56,4.125411304,4.5523,0.08,0.28,60,0.756603479385376,10538
Dongfang Jiayuan Building 16,1194.63,18.5,60,9.666666667,2700,58,16.32,24.5,2.53,5576,2.53585569209847e-10,3191.763184,105.2,37.52,8,0,18,0.6,4.125411304,4.8889,0.133333333,0.3,60,0.756603479385376,10538
Dongfang Mingzhu City 1,3,93,40,22,800,73,16.97,84,4.12,3138,-1.51E-10,9147.182617,119.63,39.94,6,0,18,4.65,5.374131422,6.3336,0.15,0.45,62,0.907984375953674,12040
Dongfang Mingzhu City 2,3,93,40,19.5,800,73,16.97,84,4.12,3138,-1.51E-10,9147.182617,119.63,39.94,2,0.5,12,4.65,5.374131422,3.25065,0.05,0.3,62,0.907984375953674,12040
Dongfeng Community 1,0,36,70,16.2,2700,62,20.15,66.83,2.63,2476,2.45141351662426e-10,888.9754639,116.12,38.69,8,0,42,1.44,7.227339261,3.05532,0.114285714,0.6,62,0.923820972442627,11639
Dongfeng Community 2,0,36,70,6,2700,59,20.15,66.83,2.63,2476,2.45141351662426e-10,888.9754639,116.12,38.69,1,1,4,0.685714286,7.227339261,1.5,0.014285714,0.057142857,62,0.923820972442627,11639
Dongguangli 1,6,18,45,11.25,675,66,17,87.5,4.15,3138,-1.51E-10,19490.99805,119.61,39.94,15,0,32,1.066666667,5.374131422,6.1875,0.333333333,0.711111111,63,0.936549067497253,12040
Dongguangli 2,6,18,45,10.5,675,66,17,87.5,4.15,3138,-1.51E-10,19490.99805,119.61,39.94,5,1,16,1.066666667,5.374131422,3.375,0.111111111,0.355555556,63,0.936549067497253,12040
Donghuanli 1,5,18,45,15,800,52,17.03,87.17,4.1,3138,-1.51E-10,23324.69531,119.62,39.95,6,1,18,0.8,5.374131422,5.1667,0.133333333,0.4,63,0.909673869609833,12040
Donghuanli 2,5,18,45,15,800,52,17.03,87.17,4.1,3138,-1.51E-10,23324.69531,119.62,39.95,3,0,18,0.8,5.374131422,2.5005,0.066666667,0.4,63,0.909673869609833,12040
Dongsheng Community Building 9,1068,19,50,7.666666667,1350,56,16.25,25.17,2.68,4733,7.56520887601475e-11,2247.633057,106.28,38.46,14,1,26,1.04,6.870651127,3.014066667,0.28,0.52,63,0.857864320278168,10638
Dongxing Street No.50,1685,12,60,6,1500,51,15.08,30,2.47,2081,4.7367199051962e-10,2151.73999,104.17,36.54,2,0,5,0.333333333,3.216234269,2.4,0.033333333,0.083333333,62,0.858234941959381,10437
Dongyanwu Community,1,18,45,13.5,675,56,17.03,87.17,4.1,3138,-1.51E-10,23324.69531,119.62,39.95,17,0,32,1.066666667,5.374131422,7.59375,0.377777778,0.711111111,63,0.909673869609833,12040
Dongyuan East Area,671,21,25,12,875,47,17.77,59,2.57,3797,1.14065555611997e-10,1453.120972,113.61,37.84,8,1,24,1.68,5.629102658,3.62475,0.32,0.96,59,0.846988081932068,11438
Erdian Community,776,39,20,15.75,2500,51,17.17,53.83,2.47,2432,1.85207613134786e-10,8054.880859,112.54,37.85,5,1,15,2.4375,7.830320956,6.07485,0.25,0.75,63,0.916224598884583,11338
Fangzhi Jinchukou Dormitory,780,21,20,10.5,2400,62,17.1,55.5,2.53,2770,1.85207613134786e-10,27557.0332,112.53,37.86,2,0,6,1.05,7.830320956,4.5,0.1,0.3,63,0.905460000038147,11338
Fangzhi Road No.155 Building 2,1702,21,40,6,1500,34,15.05,30.5,2.45,2081,4.62192173422693e-10,1038.309937,104.16,36.54,1,0,5,0.875,3.216234269,1.2,0.025,0.125,62,0.741227328777313,10437
Fangzhi Road No.155 Building 1,1686,24,20,12,2400,50,15.05,30.5,2.45,2081,4.62192173422693e-10,1038.309937,104.16,36.54,1,1,2,0.8,3.216234269,6,0.05,0.1,62,0.741227328777313,10437
Feitian Family Quarters Building 2,1525.49,18,50,7,1600,49,16.2,43,1.77,2289,4.39406039332013e-10,16393,103.86,36.04,4,1,9,0.54,6.621804697,3.2,0.08,0.18,62,0.935740649700165,10436
Fenghuang City 10,3,45,70,12.5,3150,54,20.02,69.33,2.72,3341,4.09284578450908e-10,1779.406494,116.81,38.29,7,0,22,1.885714286,5.067812589,4.107166667,0.1,0.314285714,62,0.875452041625977,11738
Fenghuang City 2,3,45,40,10,2000,51,20.03,69.67,2.72,3341,4.09284578450908e-10,1779.406494,116.82,38.29,5,1,18,2.7,5.067812589,2.9165,0.125,0.45,62,0.922778725624084,11738
Fenghuang City 9,3,45,70,8.75,4000,56,20.02,69.33,2.72,3341,4.09284578450908e-10,1779.406494,116.81,38.29,6,0,16,2.057142857,5.067812589,3.59375,0.085714286,0.228571429,62,0.875452041625977,11738
Furong Garden Building 1,1068,18,50,9,2100,42,16.35,25.67,2.65,3985,7.56520887601475e-11,2247.632813,106.27,38.45,1,1,5,0.6,6.870651127,1.8,0.02,0.1,63,0.754781007766724,10638
Fumen Xiangxielishe,1104,30,21,6.25,1280,46.7,17.37,71.5,1.68,3883,1.43558154253043e-09,1175.71582,105.76,34.58,3,1,8,2.285714286,2.23442611,2.1875,0.142857143,0.380952381,59,0.858422935009003,10635
Fuxingyuan Building 34,1178.56,18,50,3,1500,57,15.93,24.5,2.67,4876,2.8036817312227e-10,2865.691406,105.22,37.5,1,1,5,0.6,4.125411304,0.6,0.02,0.1,59,0.813464641571045,10538
Fuxingyuan Building 40,1179.31,18,60,11.5,5525,53,15.93,24.5,2.67,4876,2.8036817312227e-10,2865.691406,105.22,37.5,2,0,8,0.4,4.125411304,2.875,0.033333333,0.133333333,59,0.813464641571045,10538
Fuxingyuan Building 46,1183.08,18,60,8.5,5525,54,15.93,24.5,2.67,4876,2.8036817312227e-10,2865.691406,105.22,37.5,4,0,10,0.5,4.125411304,2.3,0.066666667,0.166666667,59,0.813464641571045,10538
Fuxingyuan Building 49,1174.75,31,45,6,5525,56,15.93,24.5,2.67,4876,2.8036817312227e-10,2865.691406,105.22,37.5,1,1,4,0.977777778,4.125411304,1.5,0.022222222,0.088888889,59,0.813464641571045,10538
Fuxingyuan Building 59,1167.57,31,60,4.25,5525,57,16.1,24.83,2.48,5576,2.53585569209847e-10,2525.634277,105.22,37.51,3,1,15,1.375,4.125411304,0.90185,0.05,0.25,59,0.828965306282043,10538
Fufeng Jiayuan,1,18,40,16.5,1200,62,17.02,86.33,4.08,3138,-1.51E-10,10029.83887,119.63,39.95,4,0,14,1.05,5.374131422,4.5006,0.1,0.35,62,0.883132040500641,12040
Fuli City No.1,670,54,40,18,3200,57,17.77,59,2.57,3797,1.14065555611997e-10,1453.120972,113.61,37.84,12,0,45,2.25,5.629102658,4.066666667,0.3,1.125,59,0.846988081932068,11438
Fuli City No.2,670,66,40,10,3200,57,17.77,59,2.57,3797,1.14065555611997e-10,1453.120972,113.61,37.84,2,0,4,2.2,5.629102658,5,0.05,0.1,59,0.846988081932068,11438
Fuli Jianianhua,687,78,40,14,4000,54,17.7,59.67,2.47,4420,1.14065555611997e-10,244.5931702,113.59,37.84,19,0,75,8.125,5.629102658,3.1584,0.475,1.875,60,0.863310754299164,11438
Fuqiang Community,867,18,43,12,903,63,14.23,59,2.85,5260,-1.14E-10,430.1929626,117.75,41.94,2,1,5,0.348837209,3.650224215,4.4997,0.046511628,0.11627907,47,0.590126633644104,11842
Fuyan Hotel,1917,12,25,6,1800,56,12.22,51.33,2.12,3589,6.86232182189883e-10,6600.537598,104.62,35.58,1,0.5,4,0.48,1.748585732,1.5,0.04,0.16,60,0.815599143505096,10536
GreenTree Inn Hotel,944,18,60,10.5,3000,60,16.63,59.33,2.45,4171,4.80922697498887e-11,4088.232422,111.14,37.54,7,0,24,0.6,4.525735553,3.1515,0.116666667,0.4,60,0.720681369304657,11138
Gengjiazhuang Residential Area Building 10,1471,21,30,9,800,44,16.3,42.83,1.8,2745,4.39406039332013e-10,7362.664551,103.84,36.05,1,1,4,0.933333333,6.621804697,2.25,0.033333333,0.133333333,62,0.938998997211456,10436
Gengjiazhuang Residential Area Building 11,1502,18,20,12,600,45,16.3,42.83,1.8,2745,4.39406039332013e-10,7362.664551,103.84,36.05,1,0.5,1,0.3,6.621804697,12,0.05,0.05,62,0.938998997211456,10436
Gengjiazhuang Residential Community Building 1,1483,25,30,10,1000,33,16.3,42.83,1.8,2745,4.39406039332013e-10,7362.664551,103.84,36.05,1,0.5,3,0.8,6.621804697,3.333,0.033333333,0.1,62,0.938998997211456,10436
Gongnong Road Building 81,1671,18.5,40,4,1000,57,15.08,30,2.47,2081,4.7367199051962e-10,2151.73999,104.17,36.54,1,1,3,0.45,3.216234269,1.3332,0.025,0.075,62,0.858234941959381,10437
Gonghang Community,1169,20,100,8.75,2300,51,17.32,71.5,1.68,3813,1.40447919960707e-09,22542.23438,105.74,34.58,3,0,7,0.28,2.23442611,3.749875,0.03,0.07,61,0.899328052997589,10635
Gonganju Community,937,18,14,14,1400,45,16.77,59.33,2.42,4171,4.80922697498887e-11,4088.232422,111.13,37.54,4,0,12,1.714285714,4.525735553,5,0.285714286,0.857142857,60,0.822374284267426,11138
Gonglu Community 1,777,15,77,9,2310,50,16.85,56.17,2.52,5455,-9.45E-12,6922.654785,112.71,38.43,9,0,12,0.25974026,3.846571398,6.25,0.116883117,0.155844156,63,0.907599329948425,11338
Gonglu Community 2,777,15,77,9,2310,50,16.85,56.17,2.52,5455,-9.45E-12,6922.654785,112.71,38.43,3,1,8,0.25974026,3.846571398,3,0.038961039,0.103896104,63,0.907599329948425,11338
Gongdianju Community Building 20,1687,42,20,21,1000,52,15.08,30,2.47,2081,4.7367199051962e-10,2151.73999,104.17,36.54,1,0.5,1,0.7,3.216234269,21,0.05,0.05,62,0.858234941959381,10437
Gulou Shangcheng,11,76,40,16.75,2800,59,20,71,2.77,3609,4.07707173577521e-10,423.7531128,116.86,38.31,5,0.5,11,3.3,5.067812589,7.716375,0.125,0.275,62,0.939013123512268,11738
Guangshun Garden,32,21,50,16.5,750,72,16.93,87.17,4.1,3138,-1.51E-10,15647.76953,119.6,39.93,8,1,40,1.4,5.374131422,3.3,0.16,0.8,63,0.939763247966766,12040
Guangyuan Community 1,822,21,60,21,900,66,14.2,59.17,2.88,5260,-1.14E-10,430.1930542,117.76,41.94,1,1,3,0.35,3.650224215,6.9993,0.016666667,0.05,50,0.79274970293045,11842
Guangyuan Community 2,822,21,60,15,900,66,14.2,59.17,2.88,5260,-1.14E-10,430.1930542,117.76,41.94,5,0,9,0.525,3.650224215,7.95,0.083333333,0.15,50,0.79274970293045,11842
Guangyuan Community 3,822,21,60,19.5,900,66,14.2,59.17,2.88,5260,-1.14E-10,430.1930542,117.76,41.94,2,0,6,0.35,3.650224215,6.49935,0.033333333,0.1,50,0.79274970293045,11842
Guomai Aocheng 1,19,21,17,12,1075,46,20.33,66.67,2.5,6407,1.2931976600683e-09,798.4505005,115.18,36.8,11,0,126,7.411764706,3.862974148,1.119342857,0.647058824,7.411764706,34,0.807404041290283,11537
Guomai Aocheng 2,26,21,17,13.5,1075,53,20.33,66.67,2.5,6407,1.2931976600683e-09,798.4505005,115.18,36.8,15,1,72,7.411764706,3.862974148,3.041925,0.882352941,4.235294118,34,0.807404041290283,11537
Guomai Aocheng 3,27,21,17,14.25,1075,54,20.33,66.67,2.5,6407,1.2931976600683e-09,798.4505005,115.18,36.8,9,0,72,7.411764706,3.862974148,1.7916,0.529411765,4.235294118,34,0.807404041290283,11537
Guomai Aocheng 4,30,21,17,13.5,1075,54,20.33,66.67,2.5,6407,1.2931976600683e-09,798.4505005,115.18,36.8,11,0,72,7.411764706,3.862974148,2.166975,0.647058824,4.235294118,34,0.807404041290283,11537
Guomai Aocheng 5,30,21,17,13.5,1075,55,20.18,69,2.67,5904,1.35695310543582e-09,460.3650513,115.8,36.8,10,1,72,7.411764706,3.862974148,2.0001,0.588235294,4.235294118,13,0.778107702732086,11637
Guomai Aocheng 6,38,21,17,13.5,1075,51,19.48,66.33,2.45,3718,2.07661915441193e-10,1059.389893,115.18,38.8,8,0,72,7.411764706,3.862974148,1.54185,0.470588235,4.235294118,14,0.808305680751801,11539
Guomai Aocheng 7,41,21,17,16,1075,53,20.33,66.67,2.5,6407,1.2931976600683e-09,798.4505005,115.18,36.8,5,1,54,7.411764706,3.862974148,1.4451,0.294117647,3.176470588,34,0.807404041290283,11537
Guomai Aocheng 8,25,21,17,13.5,1075,75,20.33,66.67,2.5,6407,1.2931976600683e-09,798.4505005,115.18,36.8,3,1,36,7.411764706,3.862974148,1.0836,0.176470588,2.117647059,34,0.807404041290283,11537
Guomai Aocheng 9,29,21,17,13.5,1075,69,20.33,66.67,2.5,6407,1.2931976600683e-09,798.4505005,115.18,36.8,9,0,72,7.411764706,3.862974148,1.75035,0.529411765,4.235294118,34,0.807404041290283,11537
Hailongwan Building 6,55,81,70,20.25,60000,57,20.17,66.83,2.32,3114,3.52209678089466e-10,5980.966797,114.44,37.99,21,1,48,2.314285714,5.282647592,7.75005,0.3,0.685714286,62,0.841609418392181,11438
Haitian Hotel 1,1867,21,75,15,1250,44,12.27,51.83,2.02,3589,6.74568345626625e-10,7500.428711,104.62,35.59,4,0.5,27,0.84,1.748585732,2.222,0.053333333,0.36,60,0.769202709197998,10536
Haitian Hotel 2,1867,21,75,16.5,720,51,12.27,51.83,2.02,3589,6.74568345626625e-10,7500.428711,104.62,35.59,2,0.5,18,0.84,1.748585732,1.83315,0.026666667,0.24,60,0.769202709197998,10536
Hehui Xinquanwan Building 10,1046,44,60,19.66,1750,50,14.87,46.33,3.03,1749,-3.56E-11,2495.427002,113.31,40.06,8,1,36,1.92,4.411076668,4.06724,0.133333333,0.6,63,0.9235919713974,11340
Hehui Xinquanwan Building 8,1032,53,95,8.333333333,2500,55,14.87,46.33,3.03,1749,-3.56E-11,2495.427002,113.31,40.06,10,1,24,1.6,4.411076668,3.18098,0.105263158,0.252631579,63,0.9235919713974,11340
Heping Street No.106,907,18,50,13.5,1000,62,16.8,58.17,2.48,4171,4.80922697498887e-11,4088.231934,111.12,37.52,5,0.5,32,0.96,4.525735553,2.0625,0.1,0.64,57,0.724089562892914,11138
Hedong Community,925,21,50,10.5,900,49,16.7,59.83,2.43,3678,4.80922697498887e-11,236.9792328,111.14,37.56,12,1,48,1.68,4.525735553,2.51175,0.24,0.96,59,0.77327173948288,11138
Hexia Xincun,681,18,25,15,1625,44,17.65,59,2.58,3797,1.3376839913537e-10,1453.12085,113.62,37.83,8,1,16,1.28,5.629102658,7.335,0.32,0.64,57,0.768181324005127,11438
Hexia Xincun 10,682,18,25,10.5,875,49,17.65,58.83,2.58,3797,1.3376839913537e-10,1453.12085,113.61,37.83,12,0,24,1.44,5.629102658,5.12475,0.48,0.96,58,0.768181324005127,11438
Hengchang Building 3,1035,18.5,70,11.75,1875,39,14.88,38.83,3.15,2695,-4.25E-11,35443.32813,111.65,40.81,7,0,21,0.45,8.127158237,3.6125,0.1,0.3,63,0.919885158538818,11241
Hengchang Community Building 24,1068,18.5,50,8,1400,52,14.83,39,3.13,2744,-4.25E-11,21199.8418,111.65,40.8,7,0,16,0.96,8.127158237,3.59375,0.14,0.32,63,0.888576865196228,11241
Hengchang Community Building 6,1046,18.5,90,9.5,2200,40,14.88,38.83,3.15,2695,-4.25E-11,35443.32813,111.65,40.81,3,1,9,0.3,8.127158237,3.155,0.033333333,0.1,63,0.919885158538818,11241
Hengchang Community Building 3,1035,18.5,70,12.5,3200,39,14.88,38.83,3.15,2695,-4.25E-11,35443.32813,111.65,40.81,3,1,11,0.471428571,8.127158237,2.933225,0.042857143,0.157142857,63,0.919885158538818,11241
Hengchang Community Building 1,1034,18.5,70,12.5,2400,39,14.88,38.83,3.15,2695,-4.25E-11,35443.32813,111.65,40.81,4,0,16,0.457142857,8.127158237,4.005416667,0.057142857,0.228571429,63,0.919885158538818,11241
Hengda Huafu,986,102,58,15,3190,48,16.6,60,2.43,3678,4.80922697498887e-11,259.7583618,111.14,37.58,7,0,21,4.103448276,4.525735553,5.305,0.120689655,0.362068966,56,0.782281160354614,11138
Hengda Xincheng Building 1,695,66,40,7,4000,53,17.7,59.67,2.47,4420,1.14065555611997e-10,244.5931702,113.59,37.84,2,0,24,6.6,5.629102658,0.5831,0.05,0.6,60,0.863310754299164,11438
Hengda Xincheng Building 3,695,66,40,12,10666.66667,53,17.7,59.67,2.47,4420,1.14065555611997e-10,244.5931702,113.59,37.84,3,0.666666667,18,3.3,5.629102658,2.0004,0.075,0.45,60,0.863310754299164,11438
Hengda Xincheng Building 4,695,66,40,9,24000,53,17.7,59.67,2.47,4420,1.14065555611997e-10,244.5931702,113.59,37.84,5,0,22,4.033333333,5.629102658,2.0418,0.125,0.55,60,0.863310754299164,11438
Honghe Community,95,90,40,19.33333333,20000,66,20.13,66.17,2.32,2567,3.52209678089466e-10,976.8223267,114.47,37.97,19,0.5,54,4.5,5.282647592,5.8333,0.475,1.35,59,0.887824177742004,11438
Hongqiaoli,4,15,30,12,450,65,17,87.5,4.15,3138,-1.51E-10,19490.99805,119.61,39.94,3,0.5,12,1,5.374131422,2.7501,0.1,0.4,63,0.936549067497253,12040
Hongqiao Xinju,2,18,30,15,450,73,17.03,87.83,4.12,3138,-1.51E-10,15647.77051,119.6,39.94,5,0,18,1.2,5.374131422,4.3331,0.166666667,0.6,63,0.930953800678253,12040
Hongyuan Community Building 3,1047,18,60,11,1800,27,14.88,38.83,3.15,2695,-4.25E-11,35443.32813,111.65,40.81,4,1,20,0.666666667,8.127158237,2.0003,0.066666667,0.333333333,63,0.919885158538818,11241
Hongyun Jiayuan 1,-1,72,25,23.25,1400,49,20.02,71.5,2.75,3609,4.07707173577521e-10,423.7531128,116.85,38.31,10,1,23,5.52,5.067812589,9.700125,0.4,0.92,62,0.929621338844299,11738
Hongyun Jiayuan 2,-1,72,25,21,1400,47,20.02,71.5,2.75,3609,4.07707173577521e-10,423.7531128,116.85,38.31,13,0,42,5.76,5.067812589,6.214414286,0.52,1.68,62,0.929621338844299,11738
Houwang Street Building 8,782,18,110,13.5,2040,50,17.13,52.67,2.47,2432,1.85207613134786e-10,14937.61914,112.52,37.85,2,0,14,0.381818182,7.830320956,1.92915,0.018181818,0.127272727,63,0.931614458560944,11338
Hutie Jiayuan Area C Building 22,1054,81,50,10.5,9900,48,15.63,71.83,2.67,7877,-1.17E-10,87.89919281,117.71,40.84,5,0,12,1.62,8.127158237,4.49985,0.1,0.24,7,0.547921240329742,11841
Hutie Jiayuan Area D Building 13,1051,81,50,10.5,6600,44,14.32,36.5,3.13,2350,-4.39E-11,10482.2959,111.71,40.84,3,1,6,1.62,8.127158237,4.49985,0.06,0.12,63,0.877788484096527,11241
Hutie Jiayuan Area D Building 14,1048,81,50,13.5,6000,47,14.32,36.5,3.13,2350,-4.39E-11,10482.2959,111.71,40.84,2,0,6,1.62,8.127158237,4.49955,0.04,0.12,63,0.877788484096527,11241
Hutie Jiayuan Area E Building 27,1057,51,50,6,4800,38,14.32,36.5,3.13,2350,-4.39E-11,10482.2959,111.71,40.84,2,0,6,2.04,8.127158237,1.9998,0.04,0.12,63,0.877788484096527,11241
Huafa Xincheng Building 18,1072,55,70,16.75,5500,56,15.47,38,3.13,2201,-1.64E-11,5291.505859,109.83,40.63,3,0,12,1.628571429,10.28797015,3.958425,0.042857143,0.171428571,63,0.865162968635559,11041
Huafu Mingdi 1,57,78,50,15,8000,54,20.15,66,2.42,2679,3.27030652558236e-10,2083.497559,114.56,38.16,13,0,27,4.68,5.339318905,6.4168,0.26,0.54,62,0.921846032142639,11538
Huafu Mingdi 2,57,78,50,13.5,8000,54,20.15,66,2.42,2679,3.27030652558236e-10,2083.497559,114.56,38.16,9,1,16,4.16,5.339318905,7.5,0.18,0.32,62,0.921846032142639,11538
Huaxia Dijiu Garden,8,36,20,12,1000,30,19.82,81.17,2.47,4343,-5.16E-11,2694.739258,116.65,39.52,13,1,60,7.2,6.041448462,2.79996,0.65,3,61,0.845470130443573,11740
Huaxin Community,797,81,20,9,9100,48,17.3,56.67,2.33,4438,1.97429614323674e-10,1167.061523,112.13,37.55,3,1,11,7.425,4.03198864,2.5998,0.15,0.55,34,0.843439996242523,11238
Huanbao Community,781,32,70,16,1800,49,17.08,54.83,2.43,2770,1.85207613134786e-10,41193.37109,112.52,37.86,7,1,23,1.095238095,7.830320956,4.0477,0.1,0.328571429,63,0.93959641456604,11338
Huanquan Community,1094,19.6,60,13.06666667,975,59,14.87,46.33,3.03,1749,-3.56E-11,2495.427002,113.31,40.06,4,0,19,0.738888889,4.411076668,2.733546667,0.066666667,0.316666667,63,0.9235919713974,11340
Huanghe Garden Building 12,1187.38,18,40,12,2100,49,15.92,24.17,2.67,4876,2.8036817312227e-10,3191.763672,105.21,37.5,2,0,13,0.975,4.125411304,1.929,0.05,0.325,60,0.812913060188293,10538
Huanghe Garden Building 14,1179.73,15,80,10.5,4000,43,16.02,24.17,2.67,4876,2.8036817312227e-10,3191.763428,105.2,37.5,2,1,8,0.25,4.125411304,2.625,0.025,0.1,61,0.688499271869659,10538
Huanghe Garden Building 30,1184.99,15,60,6,2400,52,15.92,24.17,2.67,4876,2.8036817312227e-10,3191.763672,105.21,37.5,1,1,2,0.166666667,4.125411304,3,0.016666667,0.033333333,60,0.812913060188293,10538
Huanghe Garden Building 35,1179.16,18,50,16.5,2400,51,15.92,24.17,2.67,4876,2.8036817312227e-10,3191.763672,105.21,37.5,2,1,4,0.24,4.125411304,11.49975,0.04,0.08,60,0.812913060188293,10538
Huanghe Garden Building 37,1202.14,18,60,10.5,3200,44,15.92,24.17,2.67,4876,2.8036817312227e-10,3191.763672,105.21,37.5,2,1,9,0.45,4.125411304,2.475,0.033333333,0.15,60,0.812913060188293,10538
Huanghe Garden Building 39,1187.98,18,60,12,1600,42,15.92,24.17,2.67,4876,2.8036817312227e-10,3191.763672,105.21,37.5,1,1,3,0.3,4.125411304,3.9996,0.016666667,0.05,60,0.812913060188293,10538
Huanghe Garden Building 41,1181.13,18,60,12.5,2700,55,16.02,24.17,2.67,4876,2.8036817312227e-10,3191.763428,105.2,37.5,1,1,2,0.2,4.125411304,6.25,0.016666667,0.033333333,61,0.688499271869659,10538
Huanghe Garden Building 51,1192.59,18,70,12,3000,38,16.02,24.17,2.67,4876,2.8036817312227e-10,3191.763428,105.2,37.5,2,0,8,0.342857143,4.125411304,2.7999,0.028571429,0.114285714,61,0.688499271869659,10538
Huanghe Garden Building 53,1190.82,18,30,3,1200,43,16.02,24.17,2.67,4876,2.8036817312227e-10,3191.763428,105.2,37.5,1,1,4,0.8,4.125411304,0.75,0.033333333,0.133333333,61,0.688499271869659,10538
Huanghe Garden Building 58,1192.37,18,60,12,3000,45,15.92,24.17,2.67,4876,2.8036817312227e-10,3191.763672,105.21,37.5,4,1,15,0.5,4.125411304,3,0.066666667,0.25,60,0.812913060188293,10538
Huanghe Garden Building 59,1191.43,18,60,7.5,1950,43,15.92,24.17,2.67,4876,2.8036817312227e-10,3191.763672,105.21,37.5,3,1,10,0.5,4.125411304,2.1,0.05,0.166666667,60,0.812913060188293,10538
Huanghe Garden Building 86,1181.45,18,60,3,6000,56,15.92,24.17,2.67,4876,2.8036817312227e-10,3191.763672,105.21,37.5,2,0,7,0.7,4.125411304,0.8571,0.033333333,0.116666667,60,0.812913060188293,10538
Huifeng Garden Building 12,1087,18.5,80,9.5,2700,45,16.35,25.67,2.65,3985,7.56520887601475e-11,2247.632813,106.27,38.45,2,0,8,0.3,6.870651127,2.375,0.025,0.1,63,0.754781007766724,10638
Huifengyuan Court,828,95,120,14.5,5850,54,16.97,52.33,2.47,2770,1.85207613134786e-10,13832.34375,112.52,37.9,10,1,60,3.875,7.830320956,2.6261,0.083333333,0.5,63,0.865366697311401,11338
Huihua College Dormitory Building 8,76,39,40,18,480,58,20.48,68.5,2.53,2437,3.27253169007946e-10,29088.73438,114.46,38.01,11,0.5,15,0.975,5.282647592,13.20048,0.275,0.375,63,0.91886979341507,11438
Huiquan Square,1040,51,90,13,2400,52,14.87,46.33,3.03,1749,-3.56E-11,2495.427002,113.31,40.06,4,0,19,1.196296296,4.411076668,2.5241,0.044444444,0.211111111,63,0.9235919713974,11340
Huochang Road Community Building 122,1698.25,18,30,13,1000,45,14.87,30.17,2.45,1722,4.7367199051962e-10,1864.465088,104.17,36.56,3,0,7,0.7,3.216234269,5.4998,0.1,0.233333333,61,0.741918563842773,10437
Huochang Road Community Building 138,1700.1,18,60,8.5,2400,49,14.87,30.17,2.45,1722,4.7367199051962e-10,1864.465088,104.17,36.56,4,1,9,0.45,3.216234269,4.225,0.066666667,0.15,61,0.741918563842773,10437
Huochang Road Community Building 96,1696.74,18,40,9.666666667,1750,56,14.87,30.17,2.45,1722,4.7367199051962e-10,1864.465088,104.17,36.56,4,0,11,0.55,3.216234269,3.8054,0.1,0.275,61,0.741918563842773,10437
Jixiang Ju,939,21,35,15,3000,52,16.77,59.33,2.42,4171,4.80922697498887e-11,4088.232422,111.13,37.54,8,0.5,24,1.6,4.525735553,4.5,0.228571429,0.685714286,60,0.822374284267426,11138
Jixiangyuan Court,716,93,49,15.75,1323,52,17.8,58.67,2.55,2738,1.14065555611997e-10,1453.12085,113.6,37.86,7,0.5,20,3.163265306,5.629102658,5.1,0.142857143,0.408163265,61,0.879434108734131,11438
Jixiang Meidi North Area,786,92,125,14,9800,54,16.97,52.67,2.47,2770,1.85207613134786e-10,13608.8418,112.51,37.9,9,1,75,6,7.830320956,1.811066667,0.072,0.6,63,0.924271523952484,11338
Jixiang Meidi South Area,794,92,50,13,1200,53,16.97,52.33,2.47,2770,1.85207613134786e-10,13832.34375,112.52,37.9,1,1,5,3,7.830320956,2.6,0.02,0.1,63,0.865366697311401,11338
Jishengju Family Building,856,21,35,6,350,67,14.2,59.17,2.88,5260,-1.14E-10,430.1930542,117.76,41.94,1,0.5,3,0.6,3.650224215,1.9998,0.028571429,0.085714286,50,0.79274970293045,11842
Jiashuyuan (Family Quarters),931,18,50,13,1000,54,16.77,59.17,2.43,4171,4.80922697498887e-11,4088.231445,111.13,37.52,7,1,18,0.72,4.525735553,4.97,0.14,0.36,60,0.916672766208649,11138
Jiayuan Community Building 1,1078,18,12,5.333333333,150,43,16.23,25.67,2.7,4733,7.56520887601475e-11,2247.633301,106.27,38.46,3,0.5,10,1.666666667,6.870651127,1.666533333,0.25,0.833333333,63,0.841740548610687,10638
Jiayuan Community Building 20,1097,18,50,9.433333333,2000,44,16.23,25.67,2.7,4733,7.56520887601475e-11,2247.633301,106.27,38.46,4,1,14,0.56,6.870651127,2.536666667,0.08,0.28,63,0.841740548610687,10638
Jiayuan Community Building 2,1090,18,70,8.5,1600,44,16.23,25.67,2.7,4733,7.56520887601475e-11,2247.633301,106.27,38.46,6,0,32,0.914285714,6.870651127,1.608333333,0.085714286,0.457142857,63,0.841740548610687,10638
Jianchayuan Community,776,30,64,19.5,650,47,17.07,52.83,2.47,2432,1.85207613134786e-10,22637.86523,112.51,37.85,7,1,32,1.25,7.830320956,4.59375,0.109375,0.5,63,0.93134069442749,11338
Jianshuli 1,0,15,35,13.5,700,68,17,87.5,4.15,3138,-1.51E-10,19490.99805,119.61,39.94,2,0,10,0.714285714,5.374131422,2.7,0.057142857,0.285714286,63,0.936549067497253,12040
Jiangnan Shuixiang Area A Building 3,1106,20,80,8.333333333,1800,46,16.35,25.67,2.67,3985,7.56520887601475e-11,2247.632813,106.28,38.44,6,1,12,0.35,6.870651127,3.833333333,0.075,0.15,63,0.81424605846405,10638
Jiangnan Shuixiang Area B Building 16,1085,15,90,10,3300,46,16.37,25.5,2.72,3985,7.56520887601475e-11,2247.633057,106.28,38.43,3,1,16,0.444444444,6.870651127,2,0.033333333,0.177777778,63,0.783738076686859,10638
Jiangnan Shuixiang Area B Building 17,1078,19,110,13.125,6500,51,16.37,25.5,2.72,3985,7.56520887601475e-11,2247.633057,106.28,38.43,7,1,44,0.6,6.870651127,2.0876625,0.063636364,0.4,63,0.783738076686859,10638
Jiangnan Shuixiang Area B Building 5,1081,32,100,12.66666667,3000,51,16.37,25.5,2.72,3985,7.56520887601475e-11,2247.633057,106.28,38.43,4,1,31,1.136666667,6.870651127,1.6872,0.04,0.31,63,0.783738076686859,10638
Jiaoyuju (Education Bureau),915,18,63,10.5,1827,65,16.77,59.17,2.43,4171,4.80922697498887e-11,4088.231445,111.13,37.52,5,0,10,0.476190476,4.525735553,5.4,0.079365079,0.158730159,60,0.916672766208649,11138
Jindi Jiajing Garden Factory Building,683,9,20,9,200,64,17.7,60.33,2.53,3598,1.3376839913537e-10,2848.127197,113.64,37.79,1,0,3,0.45,3.745575192,2.9997,0.05,0.15,55,0.832921504974365,11438
Jinhe Community,67,84,40,10,4400,51,20.18,66.17,2.43,2679,3.27030652558236e-10,2083.497559,114.55,38.16,17,0.666666667,30,3.5,5.339318905,6.0834,0.425,0.75,62,0.865287005901337,11538
Jinlongwan,2,18,65,16.5,1950,53,16.35,83.67,4.1,4608,-1.35E-10,251.8285522,119.72,39.95,9,0,30,1.384615385,5.374131422,5.1,0.138461538,0.461538462,33,0.862061440944672,12040
Jinlun Yiyuan Community Building 1,1506,24,80,9,4400,55,15.22,44.17,1.92,2745,4.39406039332013e-10,9160.05957,103.84,36.03,1,0.5,6,0.6,6.621804697,1.5003,0.0125,0.075,61,0.764885187149048,10436
Jinlun Yiyuan Community Building G7,1508,48,30,13.5,4500,55,15.22,44.17,1.92,2745,4.39406039332013e-10,9160.05957,103.84,36.03,2,0,7,1.866666667,6.621804697,3.99975,0.066666667,0.233333333,61,0.764885187149048,10436
Jinrongjie Community,647,18,37,14,1125,54,15.12,63.33,2.72,6055,-8.89E-11,286.9842224,116.64,41.21,3,0,17,0.918918919,2.668889209,2.6666,0.081081081,0.459459459,60,0.743953347206116,11741
Jinxiu Huating,846.3333333,19,36.66666667,15,1162.666667,53.33333333,14.2,59.17,2.88,5260,-1.14E-10,430.1930542,117.76,41.94,5,0.666666667,15,0.863636364,3.650224215,5.5001,0.136363636,0.409090909,50,0.79274970293045,11842
Jinxiuyuan 1,1042,18,70,13,1400,52,15,55.83,2.78,4992,-7.75E-11,637.1682129,113.25,38.72,5,0,18,0.514285714,1.651416888,3.5003,0.071428571,0.257142857,18,0.788047611713409,11339
Jinxiuyuan 2,1042,18,70,14,1400,52,15,55.83,2.78,4992,-7.75E-11,637.1682129,113.25,38.72,4,1,18,0.514285714,1.651416888,3.1668,0.057142857,0.257142857,18,0.788047611713409,11339
Jinze Yuan Old 6,779,21,20,12,1200,42,17.18,56.83,2.65,2758,1.85207613134786e-10,32673.33984,112.55,37.86,3,0,9,1.05,7.830320956,4.2499,0.15,0.45,63,0.943190693855286,11338
Jinsong Xinjing,785,82.5,30,15,4500,53,17.08,55.83,2.55,2770,1.85207613134786e-10,16177.62891,112.54,37.86,5,0,13,4.766666667,7.830320956,5.958333333,0.166666667,0.433333333,63,0.923676073551178,11338
Jingdu Huayuan,791,45,80,14,4500,59,16.97,52.33,2.47,2770,1.85207613134786e-10,13832.34375,112.52,37.9,4,1,16,1,7.830320956,3.8332,0.05,0.2,63,0.865366697311401,11338
Jinghuayuan Building 2,1094,21,60,11.3,1200,56,16.35,25.83,2.68,3985,7.56520887601475e-11,2247.632813,106.29,38.44,20,1,57,1.33,6.870651127,3.96415,0.333333333,0.95,63,0.816733956336975,10638
Jingtai Community 1,598,18,50,12,1000,52,15.83,65.33,2.63,7351,-1.13E-10,297.2998657,117.72,41.31,5,0,12,1.44,4.621690913,5.0004,0.1,0.24,59,0.886209547519684,11841
Jingtai Community 2,598,18,50,13.5,1000,55,15.83,65.33,2.63,7351,-1.13E-10,297.2998657,117.72,41.31,8,0,24,1.44,4.621690913,4.9716,0.16,0.48,59,0.886209547519684,11841
Jingtai Community 3,598,18,50,18,1000,58,15.83,65.33,2.63,7351,-1.13E-10,297.2998657,117.72,41.31,2,1,5,0.6,4.621690913,7.2,0.04,0.1,59,0.886209547519684,11841
Jingtai Community 4,598,18,50,12,1000,57.33333333,15.83,65.33,2.63,7351,-1.13E-10,297.2998657,117.72,41.31,8,0,29,1.16,4.621690913,3.1212,0.16,0.58,59,0.886209547519684,11841
Jingyi Community,602,18,49,11.14285714,980,54,15.78,64.67,2.62,7351,-1.13E-10,297.2998962,117.72,41.32,15,0,66,1.15451895,4.621690913,2.451685714,0.306122449,1.346938776,59,0.770273923873901,11841
Ju'an Community Building 26,1496.01,18,70,6,1500,49,16.12,43,1.82,2745,4.1975678488626e-10,8031.983887,103.83,36.04,5,0,12,0.514285714,6.621804697,2.6666,0.071428571,0.171428571,62,0.8785480260849,10436
Jun'anli 2,13,18,67,9,3375,40,18.92,89,2.83,3719,-1.43E-10,4377.05957,118.17,39.66,1,1,3,0.268656716,9.342985078,2.9997,0.014925373,0.044776119,63,0.937593400478363,11840
Jun'an Community,5,18,45,15,900,63,17.03,87.17,4.1,3138,-1.51E-10,23324.69531,119.62,39.95,6,1,18,0.8,5.374131422,5.1666,0.133333333,0.4,63,0.909673869609833,12040
Junlei Alley,1108,21,45,10,440,54,17.32,71.5,1.68,3813,1.40447919960707e-09,22542.23438,105.74,34.58,4,1,11,0.57037037,2.23442611,3.8333,0.088888889,0.244444444,61,0.899328052997589,10635
Kaiyue Hotel,1879,19,20,6.5,750,51,12.22,51.33,2.12,3589,6.86232182189883e-10,6600.537598,104.62,35.58,2,0,10,1.5,1.748585732,1.3,0.1,0.5,60,0.815599143505096,10536
Kangda Community,713,21,54,13,1620,50,17.52,58.83,2.53,3929,1.14065555611997e-10,924.5044556,113.59,37.87,7,1,13,0.561728395,5.629102658,6.8,0.12962963,0.240740741,62,0.909726500511169,11438
Kangjuyuan Court,524,18,75,12.6,1500,50.8,15.83,65.33,2.63,7351,-1.13E-10,297.2998657,117.72,41.31,30,0,82,0.656,4.621690913,4.46016,0.4,1.093333333,59,0.886209547519684,11841
Kangmin Garden Building 11,1072,19,70,8.625,3200,56,16.35,26,2.63,3985,7.56520887601475e-11,2247.632813,106.29,38.45,6,0,32,0.685714286,6.870651127,1.593825,0.085714286,0.457142857,63,0.842244863510132,10638
Kangmin Garden Building 16,1096,19,70,9.5,2000,49,16.35,26,2.63,3985,7.56520887601475e-11,2247.632813,106.29,38.45,4,0,16,0.685714286,6.870651127,2.375,0.057142857,0.228571429,63,0.842244863510132,10638
Kangmin Garden Building 8,1077,19,70,13.25,3200,57,16.35,26,2.63,3985,7.56520887601475e-11,2247.632813,106.29,38.45,3,1,10,0.428571429,6.870651127,4.45,0.042857143,0.142857143,63,0.842244863510132,10638
Kemingyuan Court,755,21,61,14.25,1098,47,17.47,60.33,2.48,3797,1.3376839913537e-10,2848.126709,113.61,37.81,8,0,24,0.68852459,5.629102658,4.37475,0.131147541,0.393442623,56,0.896016776561737,11438
Keyunzhan Family Quarters Building 1,1494.04,23,60,17,2400,48,16.17,43.5,1.7,3284,4.00107530440508e-10,6850.975586,103.74,36.07,8,0,30,0.8,6.621804697,4.34184,0.133333333,0.5,62,0.892662048339844,10436
Kongtong District Water and Soil Conservation Bureau,1302,21,27,7.5,504,42.9,15.03,60.5,2.08,3772,1.11149389692144e-09,7475.591797,106.68,35.54,3,1,8,1.037037037,2.575777329,3,0.111111111,0.296296296,62,0.803469896316528,10736
Kuanxiangzi Community Building 3,1036,18,80,12.33333333,2850,50,14.88,38.83,3.15,2695,-4.25E-11,35443.32813,111.65,40.81,7,0,16,0.4,8.127158237,5.4,0.0875,0.2,63,0.919885158538818,11241
Kuangjian Gongsi Family Quarters,1094,19,80,12,1800,57,14.95,49.5,3.03,2055,-3.56E-11,2576.150879,113.29,40.07,4,1,8,0.2,4.411076668,6.1667,0.05,0.1,63,0.940859019756317,11340
Lanshi Run'an Community Building 761,1502.16,24,80,13.5,1800,47,16.2,40.67,2.15,2635,4.1975678488626e-10,51415.5625,103.76,36.08,7,0,32,0.8,6.621804697,2.8125,0.0875,0.4,62,0.932658314704895,10436
Lanshi Run'an Community Building 833,1493.94,24,80,10.8,2700,49,16.2,40.67,2.15,2635,4.1975678488626e-10,51415.5625,103.76,36.08,6,0,35,0.7,6.621804697,1.8852,0.075,0.4375,62,0.932658314704895,10436
Lantian Jiayuan,1242,47.5,45,10,1300,53,17.18,71,1.73,3813,1.3618167704621e-09,22377.125,105.73,34.59,1,1,4,1.688888889,2.23442611,2.5,0.022222222,0.088888889,60,0.873668074607849,10635
Lantie Fuyuan Building 46,1496,24,60,21,2100,45,16.2,43.17,1.82,2745,4.39406039332013e-10,8028.291016,103.84,36.04,2,0,11,0.733333333,6.621804697,3.9003,0.033333333,0.183333333,62,0.926468372344971,10436
Lantie Fuyuan Community Building 47,1487,24,40,9,1500,48,16.2,43.17,1.82,2745,4.39406039332013e-10,8028.291016,103.84,36.04,1,0,5,1,6.621804697,1.8,0.025,0.125,62,0.926468372344971,10436
Lantie Fuyuan Community Building 50,1480,24,50,15,1400,48,16.2,43.17,1.82,2745,4.39406039332013e-10,8028.291016,103.84,36.04,2,0.5,9,0.72,6.621804697,3.45,0.04,0.18,62,0.926468372344971,10436
Lantie Xinle Community Building 45,1496,21.5,30,6.5,1200,45,16.2,43.17,1.82,2745,4.39406039332013e-10,8028.291016,103.84,36.04,1,1,2,0.466666667,6.621804697,3.25,0.033333333,0.066666667,62,0.926468372344971,10436
Lantie Xinle Community Building 46,1474,18,60,9,2400,51,16.2,43.17,1.82,2745,4.39406039332013e-10,8028.291016,103.84,36.04,1,1,6,0.6,6.621804697,1.5003,0.016666667,0.1,62,0.926468372344971,10436
Lantie Xinle Community Building 48,1487,18,10,12,1200,51,16.2,43.17,1.82,2745,4.39406039332013e-10,8028.291016,103.84,36.04,1,0.5,1,0.6,6.621804697,12,0.1,0.1,62,0.926468372344971,10436
Lantie Xinle Community Building 50,1474.5,18,60,13.5,1600,47,16.2,43.17,1.82,2745,4.39406039332013e-10,8028.291016,103.84,36.04,2,0,8,0.4,6.621804697,3.8997,0.033333333,0.133333333,62,0.926468372344971,10436
Lantie Xinle Community Building 60,1479,24,50,24,2100,42,16.2,43.17,1.82,2745,4.39406039332013e-10,8028.291016,103.84,36.04,1,0,3,0.48,6.621804697,7.9992,0.02,0.06,62,0.926468372344971,10436
Lanyuan Community,52,21,100,16.5,1950,66,19.5,77.83,2.47,4172,-1.35E-10,1108.980103,116.27,40.03,18,0,68,1.19,16.49040485,4.808775,0.18,0.68,63,0.934322595596313,11640
Lanzhou University Family Quarters Building 22,1510.15,55,30,9.375,1800,66,16.28,42.83,1.8,2289,4.39406039332013e-10,14405.67285,103.85,36.05,11,0,16,2.4,6.621804697,6.34375,0.366666667,0.533333333,63,0.937584817409515,10436
Lanzhou University Graduate Dormitory Building 4,1481.24,21,50,10.5,1750,66,16.2,43,1.77,2289,4.39406039332013e-10,16393,103.86,36.04,5,1,12,0.84,6.621804697,4.2498,0.1,0.24,62,0.935740649700165,10436
Lanjun L¨¹du Building 5,47,24,40,10.5,35000,51,19.97,65.83,2.3,2703,3.52209678089466e-10,798.7449951,114.46,37.95,19,1,36,1.2,5.282647592,5.91675,0.475,0.9,51,0.830286920070648,11438
Laodong Garden Building 3,1047,15.5,80,9,5400,45,14.32,36.5,3.13,2350,-4.39E-11,10482.2959,111.71,40.84,1,0,4,0.25,8.127158237,2.25,0.0125,0.05,63,0.877788484096527,11241
Laodong Garden Building 4,1048,18.5,110,9.5,4500,39,14.32,36.5,3.13,2350,-4.39E-11,10482.2959,111.71,40.84,4,1,22,0.4,8.127158237,1.588866667,0.036363636,0.2,63,0.877788484096527,11241
Laodong Garden Building 8,1047,12,100,6,3400,42,14.32,36.5,3.13,2350,-4.39E-11,10482.2959,111.71,40.84,1,1,7,0.28,8.127158237,0.8574,0.01,0.07,63,0.877788484096527,11241
Liliu Residential Community,947,18,70,13,1400,54,16.8,58,2.5,4171,4.80922697498887e-11,4088.232178,111.12,37.53,7,0,30,0.857142857,4.525735553,3.1,0.1,0.428571429,57,0.811707735061646,11138
Lihai Mingyuan,547,51,45,18,675,73,15.83,65.33,2.63,7351,-1.13E-10,297.2998657,117.72,41.31,2,1,11,4.155555556,4.621690913,3.2724,0.044444444,0.244444444,59,0.886209547519684,11841
Lijinyuan Building 9,1090,20.5,40,8.333333333,1050,56,16.35,25.67,2.67,3985,7.56520887601475e-11,2247.632813,106.28,38.44,5,1,14,0.816666667,6.870651127,2.933333333,0.125,0.35,63,0.81424605846405,10638
Lijingyuan Building 4,1196.47,19,50,14,1050,49,16.42,24.17,2.73,5411,2.53585569209847e-10,754.2646484,105.19,37.52,3,0,10,0.6,4.125411304,4.05,0.06,0.2,60,0.687716841697693,10538
Lishui Huating 121,2,30,50,14.25,2700,56,19.98,70.33,2.73,3609,4.07707173577521e-10,10926.84082,116.87,38.31,8,0,24,1.2,5.067812589,4.500225,0.16,0.48,62,0.939013123512268,11738
Lishui Huating 122,2,30,50,16.5,1900,56,19.98,70.33,2.73,3609,4.07707173577521e-10,10926.84082,116.87,38.31,7,1,24,1.2,5.067812589,4.74975,0.14,0.48,62,0.939013123512268,11738
Lishui Huating 151,2,30,70,19.375,2700,50,20,69.33,2.7,3609,4.07707173577521e-10,6445.505371,116.87,38.32,9,1,32,1.371428571,5.067812589,4.921875,0.128571429,0.457142857,62,0.937158763408661,11738
Lishui Huating 152,2,30,70,10,2700,50,20,69.33,2.7,3609,4.07707173577521e-10,6445.505371,116.87,38.32,1,0,10,1.714285714,5.067812589,1,0.014285714,0.142857143,62,0.937158763408661,11738
Lishui Xinyuan 2,0,18,151,13.5,5400,40,18.9,89.67,2.98,4048,-1.09E-10,2112.590576,118.1,39.56,6,1,56,0.556291391,9.342985078,2.04285,0.039735099,0.370860927,63,0.926789224147797,11840
Liyuan Community Building 1,1071,18.5,55,11,1750,50,14.57,38.5,3.13,2695,-4.39E-11,13230.31836,111.69,40.84,9,1,25,0.681818182,8.127158237,4.0807,0.163636364,0.454545455,63,0.898159503936768,11241
Lianhua Jiayuan,935,21,81,10,1360,51,16.65,59.67,2.42,3458,7.72329838971686e-11,2949.081787,111.13,37.5,6,0.5,18,0.518518519,4.525735553,3.016,0.074074074,0.222222222,55,0.740014731884003,11138
Liangcheng Yijing,63,78,100,21.3,50000,61,20.25,66.67,2.33,3114,3.52209678089466e-10,6908.504395,114.43,38,20,0.5,51,1.326,5.282647592,8.55,0.2,0.51,62,0.876637578010559,11438
Liang'erzhuang Community 1,33.18181818,15,18.36363636,11.86363636,536,49.90909091,20.3,66.5,2.52,5987,1.37342259787232e-09,310.3223877,115.26,36.73,34,0.181818182,132,3.267326733,3.862974148,3.124895455,1.851485149,7.188118812,9,0.747962176799774,11537
Liang'erzhuang Community 2,27.4,15,16.4,8.7,536,55.2,20.3,66.5,2.52,5987,1.37342259787232e-09,310.3223877,115.26,36.73,11,0.6,60,3.658536585,3.862974148,1.72485,0.670731707,3.658536585,9,0.747962176799774,11537
Liang'erzhuang Community 3,26,18.6,14.6,13.2,536,54.6,20.3,66.5,2.52,5987,1.37342259787232e-09,310.3223877,115.26,36.73,16,0.6,60,5.095890411,3.862974148,3.69966,1.095890411,4.109589041,9,0.747962176799774,11537
Liang'erzhuang Community 4,34,15,11,13.5,536,48,20.3,66.5,2.52,5987,1.37342259787232e-09,310.3223877,115.26,36.73,9,0,24,5.454545455,3.862974148,4.62495,0.818181818,2.181818182,9,0.747962176799774,11537
Liang'erzhuang Community 5,35,15,11,12,536,54,20.3,66.5,2.52,5987,1.37342259787232e-09,310.3223877,115.26,36.73,4,1,36,5.454545455,3.862974148,1.4166,0.363636364,3.272727273,9,0.747962176799774,11537
Linhui Jiayuan Building 5,1073,18.5,50,10,1750,59,16.23,25.67,2.7,4733,7.56520887601475e-11,2247.633301,106.27,38.46,3,1,9,0.54,6.870651127,2.95,0.06,0.18,63,0.841740548610687,10638
Linheli 1,4,18,45,15,675,55,17.03,87.17,4.1,3138,-1.51E-10,23324.69531,119.62,39.95,5,0,21,0.933333333,5.374131422,3.7143,0.111111111,0.466666667,63,0.909673869609833,12040
Linheli 2,4,18,45,16.5,675,55,17.03,87.17,4.1,3138,-1.51E-10,23324.69531,119.62,39.95,3,1,14,0.933333333,5.374131422,3.42885,0.066666667,0.311111111,63,0.909673869609833,12040
Linzhengli,2,18,40,16.5,600,73,16.98,85.83,4.15,3138,-1.51E-10,19774.03711,119.62,39.94,3,1,14,1.05,5.374131422,3.42885,0.075,0.35,63,0.907984375953674,12040
Liugangyuan Area B Building 12,1009,54,60,15.42857143,5400,51,14.87,46.5,3.05,1749,-3.56E-11,2495.427246,113.3,40.06,13,1,59,2.528571429,4.411076668,3.142714286,0.216666667,0.983333333,63,0.921345591545105,11340
Liugangyuan Area B Building 22,1021,66,30,9,2400,32,14.87,46.5,3.05,1749,-3.56E-11,2495.427246,113.3,40.06,6,1,16,3.911111111,4.411076668,3.5,0.2,0.533333333,63,0.921345591545105,11340
Liugangyuan Area B Building 23,1035,54,10,11.8,1750,41,14.87,46.5,3.05,1749,-3.56E-11,2495.427246,113.3,40.06,9,0.5,22,7.92,4.411076668,4.51,0.9,2.2,63,0.921345591545105,11340
Liugangyuan Area B Building 8,1023,43,60,16,2400,61,14.87,46.33,3.03,1749,-3.56E-11,2495.427002,113.31,40.06,6,0.5,14,1.088888889,4.411076668,6.316666667,0.1,0.233333333,63,0.9235919713974,11340
Liugangyuan Area C Building 25,1037,18.5,60,6.5,1800,44,14.87,46.5,3.05,1749,-3.56E-11,2495.427246,113.3,40.06,9,1,23,0.766666667,4.411076668,2.72915,0.15,0.383333333,63,0.921345591545105,11340
Liugangyuan Area C Building 6,1021,33,60,16.8,4800,44,14.87,46.5,3.05,1749,-3.56E-11,2495.427246,113.3,40.06,8,0,33,1.21,4.411076668,3.64272,0.133333333,0.55,63,0.921345591545105,11340
Liugangyuan Area C Building 9,1064,33,60,10,2400,38,14.87,46.5,3.05,1749,-3.56E-11,2495.427246,113.3,40.06,5,1,32,1.955555556,4.411076668,1.45,0.083333333,0.533333333,63,0.921345591545105,11340
Liuhu Township Government Family Quarters,1334,18,58,10.5,1040,46,15.03,60.5,2.08,3772,1.11149389692144e-09,7475.591797,106.68,35.54,2,1,10,0.517241379,2.575777329,2.1,0.034482759,0.172413793,62,0.803469896316528,10736
Longfeng Community,937,18,50,9,1000,47,16.77,59.33,2.42,4171,4.80922697498887e-11,4088.232422,111.13,37.54,7,0,15,0.6,4.525735553,4.8,0.14,0.3,60,0.822374284267426,11138
Longjuxuan Court,925,21,67,10.5,1474,53,16.53,59.67,2.45,3272,4.80922697498887e-11,3983.186279,111.16,37.53,5,0,14,0.731343284,4.525735553,3.6465,0.074626866,0.208955224,58,0.627831399440765,11138
Longquan Garden East Area,74,39,60,18.33333333,250000,63,20.07,66.33,2.28,3202,3.0199384659646e-10,2100.663086,114.38,38.01,18,0,45,1.083333333,5.282647592,6.933333333,0.3,0.75,56,0.84072744846344,11438
Longquan Community 1,0,18,115,11.75,2700,47,20,69.33,2.7,3609,4.07707173577521e-10,6445.505371,116.87,38.32,25,1,59,0.897826087,5.067812589,4.7229125,0.217391304,0.513043478,62,0.937158763408661,11738
Longquan Community 21,0,18,65,10.5,1500,47,20,69.33,2.7,3609,4.07707173577521e-10,6445.505371,116.87,38.32,13,0,22,0.78974359,5.067812589,6.365416667,0.2,0.338461538,62,0.937158763408661,11738
Longquan Community 22,0,18,65,10.5,1500,47,20,69.33,2.7,3609,4.07707173577521e-10,6445.505371,116.87,38.32,22,1,47,1.687179487,5.067812589,4.7862,0.338461538,0.723076923,62,0.937158763408661,11738
Longting Jiayuan Building 3,1700.46,35,80,6.5,5000,55,15.02,30.67,2.48,1531,4.62192173422693e-10,9797.405273,104.14,36.55,5,0,10,0.75,3.216234269,3.25,0.0625,0.125,62,0.802729368209839,10437
Longting Jiayuan Building 7,1703.55,20,70,17.5,2000,48,15.02,30.67,2.48,1531,4.62192173422693e-10,9797.405273,104.14,36.55,3,0,9,0.45,3.216234269,5.75,0.042857143,0.128571429,62,0.802729368209839,10437
Longxiang Community,551,36,70,16.2,1650,60.6,15.83,65.5,2.67,7351,-1.13E-10,297.2998352,117.73,41.31,13,1,58,1.988571429,4.621690913,3.432,0.185714286,0.828571429,60,0.854740977287292,11841
Luoma Shijia,893,99,70,12,3500,57,16.85,59.67,2.4,3458,7.72329838971686e-11,1209.098511,111.11,37.5,8,0,24,3.771428571,4.525735553,3.625,0.114285714,0.342857143,47,0.789500117301941,11138
Luoyu Community 1,1112,15,28,8.75,1026,40.6,16.18,70.67,1.8,3971,1.31915434131713e-09,460.9886475,105.72,34.74,3,0,14,1.5,2.23442611,1.964375,0.107142857,0.5,7,0.757841646671295,10635
Luoyu Community 2,1112,15,45,6.25,1288,37,17.32,71.5,1.68,3813,1.40447919960707e-09,22542.23438,105.74,34.58,5,1,24,0.8,2.23442611,1.250125,0.111111111,0.533333333,61,0.899328052997589,10635
Luoyu Community 27,1109,15,25,10,480,51,17.32,71.5,1.68,3813,1.40447919960707e-09,22542.23438,105.74,34.58,2,0,6,0.72,2.23442611,3.333,0.08,0.24,61,0.899328052997589,10635
Luoyu Community 3,1114,15,30,7.5,400,42.3,17.37,71.5,1.68,3883,1.43558154253043e-09,4892.974121,105.75,34.58,3,1,24,1.6,2.23442611,0.9375,0.1,0.8,60,0.854923784732819,10635
Meiyuan Community 1,909,18,55,12,1500,33,15.2,55.83,2.85,2851,4.86958320888853e-11,1597.998535,114.58,39.84,1,1,3,0.327272727,2.042134504,3.9996,0.018181818,0.054545455,43,0.884580254554749,11540
Meiyuan Community 2,909,18,55,12,1800,37,15.2,55.83,2.85,2851,4.86958320888853e-11,1597.998535,114.58,39.84,1,1,2,0.218181818,2.042134504,6,0.018181818,0.036363636,43,0.884580254554749,11540
Meiyuan Community 3,909,18,55,9,1250,37,15.2,55.83,2.85,2851,4.86958320888853e-11,1597.998535,114.58,39.84,2,1,3,0.327272727,2.042134504,6.0003,0.036363636,0.054545455,43,0.884580254554749,11540
Meidu Hotel,2328,16,30,4,600,60,12.48,49,2.22,3780,-3.81E-11,18102.36133,101.77,36.62,1,0,3,0.5,5.563206934,1.3332,0.033333333,0.1,63,0.914372384548187,10237
Meijing Huating,943,27,55,17,1155,67,16.62,60,2.43,4171,4.80922697498887e-11,3090.054932,111.14,37.51,6,0,18,0.981818182,4.525735553,4.816,0.109090909,0.327272727,58,0.901365280151367,11138
Meili Jiayuan 1,2236,15,40,6.25,500,50,12.37,47.83,2.5,4349,-4.48E-11,3956.816162,101.74,36.64,2,0,11,0.825,5.563206934,1.125125,0.05,0.275,63,0.889732599258423,10237
Meili Jiayuan 2,2285,18,50,9,1200,51,12.37,47.83,2.5,4349,-4.48E-11,3956.816162,101.74,36.64,1,0,4,0.48,5.563206934,2.25,0.02,0.08,63,0.889732599258423,10237
Meili City Garden Building 9,1196.5,19,80,9.75,1800,50,16.35,24.83,2.47,5411,2.53585569209847e-10,2105.354736,105.19,37.51,2,1,11,0.4125,4.125411304,1.708575,0.025,0.1375,61,0.636834025382996,10538
Meili Xincun Building 1,1148.68,18,80,17.5,1800,48,16.35,24.83,2.47,5411,2.53585569209847e-10,2105.354736,105.19,37.51,1,1,9,0.675,4.125411304,1.94425,0.0125,0.1125,61,0.636834025382996,10538
Meilin Xiaozhen 1,7,12.5,55,10,1300,56,20.1,68.83,2.67,3586,3.67289726410647e-10,708.6400757,116.84,38.36,9,1,23,0.696969697,5.067812589,4.211416667,0.163636364,0.418181818,52,0.784535527229309,11738
Meilin Xiaozhen 2,7,12.5,55,10,1300,56,20.1,68.83,2.67,3586,3.67289726410647e-10,708.6400757,116.84,38.36,1,0,3,0.272727273,5.067812589,3.333,0.018181818,0.054545455,52,0.784535527229309,11738
Meishu Shufa Chuangzuo Zhanshi Jidi,1482,15.5,20,12.5,900,56,16.2,43.17,1.82,2745,4.39406039332013e-10,8028.291016,103.84,36.04,1,0,1,0.25,6.621804697,12.5,0.05,0.05,62,0.926468372344971,10436
Minsheng Garden Building 2,1194.67,17,60,10.125,1400,54,16.23,25,2.47,5576,2.53585569209847e-10,3191.763428,105.2,37.51,6,1,17,0.425,4.125411304,3.65,0.1,0.283333333,61,0.654201149940491,10538
Mingshi Haoting,700,66,20,7.5,400,67,17.72,59.17,2.48,4420,1.14065555611997e-10,1313.299316,113.59,37.85,3,1,16,8.8,5.629102658,1.3125,0.15,0.8,61,0.912723362445831,11438
Mingshi Gongguan,98,43,12,17.57142857,688,63,19.68,64.33,2.32,3274,2.28700475224386e-10,1647.771484,114.37,38.31,8,0,34,4.857142857,3.529362289,4.000114286,0.666666667,2.833333333,60,0.929576337337494,11438
Mingshi Ju Building 10,1072,31,80,12.25,2500,59,14.57,38.5,3.13,2695,-4.39E-11,13230.31836,111.69,40.84,3,1,21,1.44375,8.127158237,1.822675,0.0375,0.2625,63,0.898159503936768,11241
Mingshi Ju Building 10-2,1072,31,80,12,3000,52,14.57,38.5,3.13,2695,-4.39E-11,13230.31836,111.69,40.84,9,0,32,1.466666667,8.127158237,3.27215,0.1125,0.4,63,0.898159503936768,11241
Mingzhu Jiayuan 5,2,18,103,13.5,4800,40,18.9,89.67,2.98,4048,-1.09E-10,2112.590576,118.1,39.56,9,0,37,0.538834951,9.342985078,3.374775,0.087378641,0.359223301,63,0.926789224147797,11840
Mingzhu Jiayuan 6,2,18,57,13.5,2400,40,18.9,89.67,2.98,4048,-1.09E-10,2112.590576,118.1,39.56,6,0,26,0.684210526,9.342985078,3.3681,0.105263158,0.456140351,63,0.926789224147797,11840
Mingzhu Jiayuan 7,2,15,57,15,2400,40,18.9,89.67,2.98,4048,-1.09E-10,2112.590576,118.1,39.56,6,0,15,0.526315789,9.342985078,5.4,0.105263158,0.263157895,63,0.926789224147797,11840
Mushan Community,785,84,30,15,1200,49,16.85,56.17,2.52,5455,-9.45E-12,6922.654785,112.71,38.43,5,0,16,3.733333333,3.846571398,4.875,0.166666667,0.533333333,63,0.907599329948425,11338
Nanqiao Tingyuan Building 1,1076,24,50,12,2400,60,16.35,26,2.62,3985,7.56520887601475e-11,2247.632813,106.28,38.45,3,0,12,0.96,6.870651127,2.7501,0.06,0.24,63,0.834824919700623,10638
Nanyiyuan Court,902,21,80,13.5,1400,52,16.85,59.67,2.4,3458,7.72329838971686e-11,1209.098511,111.11,37.5,7,0,28,0.6125,4.525735553,2.68125,0.0875,0.35,47,0.789500117301941,11138
Nanyuan Village Clinic,2238,15,54,6,510,55,12.43,49.33,2.3,3780,-3.81E-11,6855.328613,101.78,36.61,1,0.5,2,0.185185185,5.563206934,3,0.018518519,0.037037037,63,0.866531729698181,10237
Nanyuan Xuefu,665,18,30,12,900,51,17.65,58.83,2.55,2738,1.14065555611997e-10,530.7810059,113.61,37.87,6,1,15,1,5.629102658,5,0.2,0.5,60,0.828179180622101,11438
Nanzhuang Community No.2,682,21,30,6,600,60,17.45,60.5,2.4,4420,1.39835518164766e-10,293.6222839,113.58,37.83,1,0,4,0.933333333,5.629102658,1.5,0.033333333,0.133333333,58,0.864284157752991,11438
Nanzhuang Community No.5,682,21,30,6,600,60,17.45,60.5,2.4,4420,1.39835518164766e-10,293.6222839,113.58,37.83,1,0,4,0.933333333,5.629102658,1.5,0.033333333,0.133333333,58,0.864284157752991,11438
Nanzhuang Community No.7,682,21,30,7.5,600,60,17.45,60.5,2.4,4420,1.39835518164766e-10,293.6222839,113.58,37.83,3,0,8,0.933333333,5.629102658,3,0.1,0.266666667,58,0.864284157752991,11438
Nanzhuangzi Village,2221,10,15,5,144,38,12.3,48.33,2.3,3780,-3.81E-11,22428.29883,101.79,36.62,1,0.5,3,0.4,5.563206934,1.6665,0.066666667,0.2,63,0.92339152097702,10237
Ningliyuan Court,2220,15,53,10.5,832,42,12.42,49,2.22,3780,-3.81E-11,15364.12109,101.79,36.61,2,0,10,0.471698113,5.563206934,2.1,0.037735849,0.188679245,63,0.914076030254364,10237
Ningmeng Xiaozhen Building 1,61,36,60,12,60000,51,19.97,65.83,2.3,2703,3.52209678089466e-10,798.7449951,114.46,37.95,18,1,42,1.2,5.282647592,5.357057143,0.3,0.7,51,0.830286920070648,11438
Nuanquan Garden,1305,57,35,10.5,1000,53,15.03,60.5,2.08,3772,1.11149389692144e-09,7475.591797,106.68,35.54,2,1,5,1.357142857,2.575777329,3.99975,0.057142857,0.142857143,62,0.803469896316528,10736
Nuanquan Garden 2,1305,57,36,9,1250,57,15.03,60.5,2.08,3772,1.11149389692144e-09,7475.591797,106.68,35.54,4,1,10,1.759259259,2.575777329,3.6667,0.111111111,0.277777778,62,0.803469896316528,10736
Puqingli,6,18,45,15,810,62,17,87.5,4.15,3138,-1.51E-10,19490.99805,119.61,39.94,9,1,16,1.066666667,5.374131422,9,0.2,0.355555556,63,0.936549067497253,12040
Qile Jiayuan,-7,20,60,15.5,1500,54,17.02,85.83,4,6005,-1.44E-10,281.0808716,119.23,39.51,8,1,27,0.675,5.374131422,4.745575,0.133333333,0.45,7,0.36026069521904,11940
Qixin Jiayuan,46,15,45,10.5,450,48,20.15,61.5,2.43,3651,4.28234336879996e-10,2560.021729,114.85,38.03,12,0,56,1.555555556,5.282647592,2.3037,0.266666667,1.244444444,58,0.933753490447998,11538
Qingqing Jiayuan 7,3,18,60,9,7500,40,18.9,89.67,2.98,4048,-1.09E-10,2112.590576,118.1,39.56,1,1,8,0.8,9.342985078,1.125,0.016666667,0.133333333,63,0.926789224147797,11840
Qingyiyuan Court,2227,18,43,6,960,50,12.38,48.83,2.17,4265,-3.81E-11,26588.93945,101.8,36.61,1,0.5,4,0.558139535,5.563206934,1.5,0.023255814,0.093023256,63,0.899266123771667,10237
Qingyuan Fengjing Building 26,1093,33,30,10.5,2500,35,16.35,25,2.72,3985,7.56520887601475e-11,2247.632813,106.27,38.44,6,1,18,1.65,6.870651127,3.6375,0.2,0.6,63,0.734622895717621,10638
Qingyuan Fengjing Building 28,1097,33,30,15.75,1200,36,16.35,25,2.72,3985,7.56520887601475e-11,2247.632813,106.27,38.44,8,1,30,2.75,6.870651127,4.343925,0.266666667,1,63,0.734622895717621,10638
Qingyuan Fengjing Building 33,1081,33,30,12,1200,42,16.35,25,2.72,3985,7.56520887601475e-11,2247.632813,106.27,38.44,4,1,19,2.322222222,6.870651127,2.2384,0.133333333,0.633333333,63,0.734622895717621,10638
Qingyuan Fengjing Building 25,1097,33,60,17.14285714,3200,34,16.35,25,2.72,3985,7.56520887601475e-11,2247.632813,106.27,38.44,13,1,61,1.597619048,6.870651127,3.151414286,0.216666667,1.016666667,63,0.734622895717621,10638
Qunyili 2,-4,21,45,12,675,78,17.03,87.83,4.12,3138,-1.51E-10,15647.77051,119.6,39.94,5,1,24,1.244444444,5.374131422,2.375,0.111111111,0.533333333,63,0.930953800678253,12040
Reli Company Building 1-1,728,45,40,12,4000,57,17.5,60.17,2.52,3598,1.3376839913537e-10,2848.126953,113.61,37.8,2,0,3,1.125,5.374131422,8.0004,0.05,0.075,56,0.844908893108368,11438
Renhe Community Building 10,1060,19,50,13,1500,52,14.3,36.33,3.12,2350,-4.39E-11,3405.747803,111.71,40.85,7,1,17,0.51,8.127158237,5.0875,0.14,0.34,63,0.819698631763458,11241
Renhe Community Building 3,1054,19,45,12.33333333,1500,48,14.3,36.33,3.12,2350,-4.39E-11,3405.747803,111.71,40.85,4,0,10,0.444444444,8.127158237,5.1109,0.088888889,0.222222222,63,0.819698631763458,11241
Renhang Family Quarters,942,18,80,12,1400,53,16.8,58,2.5,4171,4.80922697498887e-11,4088.232178,111.12,37.53,5,0,10,0.375,4.525735553,5.4,0.0625,0.125,57,0.811707735061646,11138
Renhang Dormitory Building 1,1028,18.5,50,11.66666667,6300,59,14.82,38.83,3.17,2695,-4.25E-11,9606.123047,111.65,40.82,5,0,22,0.88,8.127158237,2.694533333,0.1,0.44,63,0.932102501392365,11241
Home Inn,763,20,55,17,1625,55,17.13,52.67,2.47,2432,1.85207613134786e-10,14937.61914,112.52,37.85,8,0,28,1.018181818,7.830320956,4.910733333,0.145454545,0.509090909,63,0.931614458560944,11338
Ruifuxiang Community,1080,18.5,50,8,1200,40,14.83,39,3.13,2744,-4.25E-11,21199.8418,111.65,40.8,3,1,13,0.78,8.127158237,1.7625,0.06,0.26,63,0.888576865196228,11241
Sanbao Mansion,46,19.8,66,11.55,10000,59,19.5,76.5,2.43,3823,-1.35E-10,1108.980103,116.25,40.07,13,1,48,1.090909091,16.49040485,3.4335675,0.196969697,0.727272727,63,0.889460384845734,11640
Sanqiaojie Community 16,794,21,15,19.5,1600,61,17.17,56.33,2.62,2758,1.85207613134786e-10,31851.50391,112.55,37.87,2,1,8,1.866666667,7.830320956,4.875,0.133333333,0.533333333,63,0.939374625682831,11338
Sanqiaojie Community 29,793,18,10,15,1800,65,17.13,56,2.6,2758,1.85207613134786e-10,29555.20117,112.55,37.88,2,0,5,3,7.830320956,6,0.2,0.5,63,0.942730486392975,11338
Sanqiaojie Community 9,793,18,10,16.5,1700,63,17.17,56.33,2.62,2758,1.85207613134786e-10,31851.50391,112.55,37.87,2,0,7,2.1,7.830320956,4.8747,0.2,0.7,63,0.939374625682831,11338
Sanyuan Community Building 6,1477.59,24,60,11,1200,45,16.28,42.83,1.8,2289,4.39406039332013e-10,14405.67285,103.85,36.05,3,0,12,0.8,6.621804697,2.2502,0.05,0.2,63,0.937584817409515,10436
Sanyuan Community Building 8,1477.04,18,50,14,2200,58,16.28,42.83,1.8,2289,4.39406039332013e-10,14405.67285,103.85,36.05,4,0.5,16,0.64,6.621804697,3.4665,0.08,0.32,63,0.937584817409515,10436
Shandongli,5,18,30,12,450,73,16.95,85.17,4.13,3138,-1.51E-10,14558.05273,119.61,39.93,7,0,18,1.2,5.374131422,4.8331,0.233333333,0.6,63,0.907515704631805,12040
Shannan Residential Community,1661,21,50,9,1400,54,15.05,30.17,2.45,2081,4.7367199051962e-10,2220.569336,104.18,36.54,1,1,3,0.42,3.216234269,2.9997,0.02,0.06,61,0.884595394134521,10437
Shanshui Longcheng,940,24,60,18,1800,46,16.63,59.33,2.45,4171,4.80922697498887e-11,4088.232422,111.14,37.54,9,0.5,28,0.933333333,4.525735553,5.25525,0.15,0.466666667,60,0.720681369304657,11138
Shanyi Dayiyuan 1,762,21,20,10,1800,42,17.22,55.83,2.55,2971,1.85207613134786e-10,13529.97656,112.55,37.85,8,1,29,3.383333333,7.830320956,2.9847,0.4,1.45,63,0.916937470436096,11338
Shanyi Dayiyuan 2,762,18,20,12.75,1800,42,17.22,55.83,2.55,2971,1.85207613134786e-10,13529.97656,112.55,37.85,5,0,24,1.8,7.830320956,3.062475,0.25,1.2,63,0.916937470436096,11338
Shizijie Community Building 29,1728.03,21,60,6.666666667,1600,59,14.87,30,2.43,1722,4.7367199051962e-10,1614.197876,104.18,36.56,6,1,17,0.661111111,3.216234269,2.7555,0.1,0.283333333,60,0.749440789222717,10437
Shizijie Community Building 40,1712.73,21,50,11.33333333,1400,57,14.87,30,2.43,1722,4.7367199051962e-10,1614.197876,104.18,36.56,5,1,15,0.7,3.216234269,4.333333333,0.1,0.3,60,0.749440789222717,10437
Shizijie Community Building 48,1697.29,21,40,12.875,1350,54,14.87,30,2.43,1722,4.7367199051962e-10,1614.197876,104.18,36.56,7,0,22,0.9625,3.216234269,3.86655,0.175,0.55,60,0.749440789222717,10437
Provincial Construction Bank Family Quarters Building 1,1510.48,23,60,11.33333333,2400,57,16.3,42.83,1.8,2745,4.39406039332013e-10,7362.664551,103.84,36.05,5,0,15,0.666666667,6.621804697,3.4,0.083333333,0.25,62,0.938998997211456,10436
Shengmusi Family Quarters Building 2,1490.78,18,70,6.5,1600,51,16.17,43.5,1.7,3284,4.00107530440508e-10,6850.975586,103.74,36.07,3,0,10,0.428571429,6.621804697,2.1,0.042857143,0.142857143,62,0.892662048339844,10436
Shengshi Hua'an,58,78,45,13.5,3200,41,20.12,66,2.4,2679,3.27030652558236e-10,2083.497559,114.57,38.16,3,1,18,5.2,5.339318905,2.1375,0.066666667,0.4,62,0.916078567504883,11538
Shengshi Longyuan,677,69,15,10.5,750,43,13.82,63,2.98,6393,-8.78E-11,63.60792923,116.64,41.29,2,1,8,6.133333333,2.668889209,2.625,0.133333333,0.533333333,8,0.298837214708328,11741
Shengshi Taoyuan,1128,21,60,10.5,1700,52,17.28,71.5,1.68,3813,1.40447919960707e-09,12619.66602,105.73,34.58,3,1,12,0.7,2.23442611,2.50005,0.05,0.2,61,0.878099918365479,10635
Shengshi Taoyuan 2,1119,39,60,10.5,1600,49,17.28,71.5,1.68,3813,1.40447919960707e-09,12619.66602,105.73,34.58,5,1,20,1.083333333,2.23442611,2.55,0.083333333,0.333333333,61,0.878099918365479,10635
Shengxin Jiayuan,52,15,50,10.5,450,49,20.15,61.5,2.43,3651,4.28234336879996e-10,2560.021729,114.85,38.03,10,0,48,1.2,5.282647592,2.37525,0.2,0.96,58,0.933753490447998,11538
Crossroad Standalone Building 3,0,9,9,4.5,1600,50,18.93,89,2.83,3719,-1.43E-10,4091.430176,118.19,39.66,1,0.5,1,0.333333333,9.342985078,4.5,0.111111111,0.111111111,63,0.911015033721924,11840
Shichengshu Building 10,1076,54,20,12,1600,49,16.35,25.67,2.65,3985,7.56520887601475e-11,2247.632813,106.27,38.45,7,0.5,10,1.8,6.870651127,8.1,0.35,0.5,63,0.754781007766724,10638
Shichengshu Building 7,1076,90,80,8,5200,49,16.35,25.67,2.65,3985,7.56520887601475e-11,2247.632813,106.27,38.45,7,1,19,0.870833333,6.870651127,3.0583,0.0875,0.2375,63,0.754781007766724,10638
Shichengshu Phase II Building 3,1062,33,40,6,3500,58,16.35,25.67,2.65,3985,7.56520887601475e-11,2247.632813,106.27,38.45,1,1,5,1.375,6.870651127,1.2,0.025,0.125,63,0.754781007766724,10638
Shichengshu Building 5,1075,33,35,13,3000,47,16.35,25.67,2.65,3985,7.56520887601475e-11,2247.632813,106.27,38.45,4,0,9,0.942857143,6.870651127,4.3329,0.114285714,0.257142857,63,0.754781007766724,10638
Shichengshu Building 1,1073,30,100,15,6500,45,16.35,25.67,2.65,3985,7.56520887601475e-11,2247.632813,106.27,38.45,4,1,14,0.466666667,6.870651127,4.1665,0.04,0.14,63,0.754781007766724,10638
Shipinchang Family Quarters Building 4,1034,43,20,9.333333333,300,55,14.95,49.5,3.03,2055,-3.56E-11,2576.150879,113.29,40.07,4,1,15,3.5,4.411076668,2.733333333,0.2,0.75,63,0.940859019756317,11340
Shiji Hongyuan Area II,671,21,37,13.5,592,53,17.8,58.67,2.55,2738,1.14065555611997e-10,1453.12085,113.6,37.86,9,0,24,1.135135135,5.629102658,4.725,0.243243243,0.648648649,61,0.879434108734131,11438
Shiji Hongyuan Area II 10,685,21,50,13,850,53,17.8,58.67,2.55,2738,1.14065555611997e-10,1453.12085,113.6,37.86,6,0,18,0.84,5.629102658,4.001,0.12,0.36,61,0.879434108734131,11438
Shiji Garden Area B 1,1334,42.5,51,7.5,5684,48,14.82,59.5,2.18,5126,1.11149389692144e-09,156.7866516,106.67,35.56,4,1,18,2,2.575777329,1.66675,0.078431373,0.352941176,60,0.706566214561462,10736
Shiji Garden Area B 2,1334,42.5,58,11.25,4656,37,15,60,2.13,3772,1.11149389692144e-09,11445.50684,106.67,35.55,2,1,12,1.75862069,2.575777329,1.875375,0.034482759,0.206896552,61,0.854307651519775,10736
Shiji Garden Area B 3,1334,42.5,56,10,4136,44,15,60,2.13,3772,1.11149389692144e-09,11445.50684,106.67,35.55,2,1,6,1.821428571,2.575777329,3.333,0.035714286,0.107142857,61,0.854307651519775,10736
Shiji Garden Area C 1,1318,39,47,9,2144,40,15.07,60.17,2.12,3772,1.11149389692144e-09,11620.42773,106.68,35.55,3,1,16,2.553191489,2.575777329,1.53125,0.063829787,0.340425532,61,0.813864469528198,10736
Shiji Garden Area C 2,1318,39,63,10.3,3840,40,15.07,60.17,2.12,3772,1.11149389692144e-09,11620.42773,106.68,35.55,4,1,16,1.904761905,2.575777329,2.4125,0.063492063,0.253968254,61,0.813864469528198,10736
Shimao Jingzuan Block C,1024,85,25,17,3500,55,14.63,38.67,3.13,2695,-4.40E-11,19136.15625,111.69,40.83,6,0.5,17,4.76,8.127158237,5.65625,0.24,0.68,63,0.924699187278748,11241
Shirensheju Community,905,18,55,10.5,1980,59,16.77,58,2.48,4171,4.80922697498887e-11,4088.231445,111.13,37.53,8,0,24,0.654545455,4.525735553,3.10875,0.145454545,0.436363636,60,0.869727492332458,11138
Shiwei Dangxiao (Party School),1111,22,61,8.5,1491,55.7,17.37,71.5,1.68,3883,1.43558154253043e-09,1175.71582,105.76,34.58,2,0,13,0.745901639,2.23442611,1.33365,0.032786885,0.213114754,59,0.858422935009003,10635
Shiwei Shizhengfu Family Building,914,15,27,12,405,55,16.72,60.17,2.43,4171,4.80922697498887e-11,4088.231445,111.14,37.52,7,0,15,1.111111111,4.525735553,5.4,0.259259259,0.555555556,60,0.864429831504822,11138
Shuxiang Huoguo,1881,13,30,10,1400,58,12.28,51.17,2.17,3589,6.86232182189883e-10,615.0826416,104.61,35.57,2,1,14,0.7,1.748585732,1.6444,0.066666667,0.466666667,56,0.763671278953552,10536
Shuangshuiwan Community,849,62,100,12,2400,52,17.03,55.67,2.45,2770,1.85207613134786e-10,40642.88281,112.51,37.86,8,1,35,2.333333333,7.830320956,2.7059,0.08,0.35,63,0.93959641456604,11338
Shuangyiyuan Building 2,1072,48,30,6,2800,47,16.35,25,2.72,3985,7.56520887601475e-11,2247.632813,106.27,38.44,3,0.5,6,1.6,6.870651127,3.5001,0.1,0.2,63,0.734622895717621,10638
Shuangyiyuan Building 4,1081,48,30,12,1600,52,16.35,25,2.72,3985,7.56520887601475e-11,2247.632813,106.27,38.44,3,0.5,7,1.866666667,6.870651127,3.62475,0.1,0.233333333,63,0.734622895717621,10638
Shui'an Meijing Building 6,55,81,90,29.07692308,38700,66,20.12,66.17,2.32,3114,3.52209678089466e-10,4894.630859,114.42,37.99,38,1,130,3,5.282647592,6.738461538,0.422222222,1.444444444,60,0.858714699745178,11438
Shui'an Shiji Block D,1028,67,70,8,2000,53,14.88,38.83,3.15,2695,-4.25E-11,35443.32813,111.65,40.81,6,1,22,2.40952381,8.127158237,2.152833333,0.085714286,0.314285714,63,0.919885158538818,11241
Shuidian Shejiyuan Family Quarters Building 3,1450.29,27,60,7.166666667,1500,68,16.3,42.83,1.8,2745,4.39406039332013e-10,7362.664551,103.84,36.05,4,0.5,13,0.65,6.621804697,2.341666667,0.066666667,0.216666667,62,0.938998997211456,10436
Shuijingyuan Building 1,656,21,20,12,10000,67,17.87,59.17,2.6,3797,1.14065555611997e-10,1453.120728,113.63,37.85,4,0,16,2.8,5.629102658,2.625,0.2,0.8,57,0.812971353530884,11438
Shuijingyuan Building 4,656,21,20,12,1e+05,67,17.87,59.17,2.6,3797,1.14065555611997e-10,1453.120728,113.63,37.85,4,1,5,0.875,5.629102658,10.50015,0.2,0.25,57,0.812971353530884,11438
Shuijing Huayuan 603,0,36,59,20.33333333,2700,40,18.9,89.67,2.98,4048,-1.09E-10,2112.590576,118.1,39.56,16,1,80,1.807909605,9.342985078,6.3498,0.271186441,1.355932203,63,0.926789224147797,11840
Shuili Community,785,19,60,10.65,4800,52,17.08,54.83,2.43,2770,1.85207613134786e-10,41193.37109,112.52,37.86,5,0,17,0.85,7.830320956,2.9916,0.083333333,0.283333333,63,0.93959641456604,11338
Shuiquanwan Longyuan Building 13,1010,74,70,12.5,8500,54,14.92,46.33,3.05,1749,-3.56E-11,2495.42749,113.31,40.07,4,1,13,2.507142857,4.411076668,4.244425,0.057142857,0.185714286,63,0.921070635318756,11340
Shuiquanwan Longyuan Building 17,1026,74,70,9.275,6500,51,14.92,46.33,3.05,1749,-3.56E-11,2495.42749,113.31,40.07,7,1,22,2.121428571,4.411076668,3.176525,0.1,0.314285714,63,0.921070635318756,11340
Shuiyue Community,0,16,50,11.75,650,55,20.02,71.5,2.75,3609,4.07707173577521e-10,423.7531128,116.85,38.31,4,1,9,0.54,5.067812589,4.775,0.08,0.18,62,0.929621338844299,11738
Sihexing Community West Area Building 16,1030,65,40,18.7,4800,51,14.82,38.83,3.17,2695,-4.25E-11,9606.123047,111.65,40.82,16,0.5,55,6.05,8.127158237,4.9084,0.4,1.375,63,0.932102501392365,11241
Sihexing Community West Area Building 17,1030,49,25,10,900,56,14.82,38.83,3.17,2695,-4.25E-11,9606.123047,111.65,40.82,2,0.5,4,2.56,8.127158237,5,0.08,0.16,63,0.932102501392365,11241
Siji Garden 1,787,18,55,12,1300,52,17.07,52.83,2.47,2432,1.85207613134786e-10,22637.86523,112.51,37.85,4,0,30,1.090909091,7.830320956,1.7,0.072727273,0.545454545,63,0.93134069442749,11338
Siji Garden 2,787,18,65,13.5,1400,52,17.07,52.83,2.47,2432,1.85207613134786e-10,22637.86523,112.51,37.85,11,1,48,1.107692308,7.830320956,3.3123,0.169230769,0.738461538,63,0.93134069442749,11338
Siji Garden 3,787,18,25,16.5,540,52,17.07,52.83,2.47,2432,1.85207613134786e-10,22637.86523,112.51,37.85,3,0,13,1.56,7.830320956,3.64305,0.12,0.52,63,0.93134069442749,11338
Sijingyuan Court,656,21,73,15,1825,51,17.65,58.83,2.55,2738,1.14065555611997e-10,530.7810059,113.61,37.87,9,1,20,0.479452055,5.629102658,6.6,0.123287671,0.273972603,60,0.828179180622101,11438
Sinan Community Building 3,1085,18,70,11,80,31,16.35,26,2.62,3985,7.56520887601475e-11,2247.632813,106.28,38.45,5,0.5,18,0.514285714,6.870651127,2.55,0.071428571,0.257142857,63,0.834824919700623,10638
Sinan Community Building 4,1083,18,90,13.33333333,1600,36,16.35,26,2.62,3985,7.56520887601475e-11,2247.632813,106.28,38.45,4,0,24,0.533333333,6.870651127,2.058466667,0.044444444,0.266666667,63,0.834824919700623,10638
Taihongyuan Building 2,1040,47,30,18.5,2100,61,14.95,49.5,3.03,2055,-3.56E-11,2576.150879,113.29,40.07,3,1,8,2,4.411076668,4.625,0.1,0.266666667,63,0.940859019756317,11340
Taihongyuan Building 3,1040,47,30,17,2100,61,14.95,49.5,3.03,2055,-3.56E-11,2576.150879,113.29,40.07,9,1,20,2.5,4.411076668,6.7428,0.3,0.666666667,63,0.940859019756317,11340
Taihua Shucaiyuan,944,36,49,12,1323,55,16.72,60.17,2.43,4171,4.80922697498887e-11,4088.231445,111.14,37.52,8,0,18,1.469387755,4.525735553,5.851,0.163265306,0.367346939,60,0.864429831504822,11138
Tangjuyuan Area 2,676,21,20,10.5,2000,61,17.6,59.5,2.47,4420,1.19538018372722e-10,15762.37402,113.58,37.84,3,1,16,2.8,5.629102658,2.0625,0.15,0.8,60,0.88805764913559,11438
Taoci Community Building 3,1079,52,30,10.5,1000,55,15.73666667,28.05666667,2.81,3940.666667,7.10019126826111e-11,1499.672828,106.5933333,38.46,5,1,17,3.4,6.870651127,2.5779,0.166666667,0.566666667,8,0.198937475681305,10738
Tianli Garden Building 1,1196.7,19,95,13.83333333,4400,49,16.22,24.83,2.43,5576,2.53585569209847e-10,2074.056885,105.21,37.52,7,1,26,0.547368421,4.125411304,3.641666667,0.073684211,0.273684211,59,0.816579818725586,10538
Tianli Garden Building 2,1187.77,19,95,11,3300,49,16.15,24.67,2.5,5576,2.53585569209847e-10,1299.382446,105.22,37.52,6,1,26,0.547368421,4.125411304,2.3,0.063157895,0.273684211,58,0.796175718307495,10538
Tianli Garden Building 4,1197.91,19,95,17,3300,52,16.15,24.67,2.5,5576,2.53585569209847e-10,1299.382446,105.22,37.52,6,0,15,0.473684211,4.125411304,6.1,0.063157895,0.157894737,58,0.796175718307495,10538
Tianlin Jinshuiwan,1122,65,60,7.5,4200,45,17.32,71.5,1.68,3813,1.40447919960707e-09,22542.23438,105.74,34.58,2,1,12,2.6,2.23442611,1.25025,0.033333333,0.2,61,0.899328052997589,10635
Tianquan Jiamei Building 1-2,723,21,40,9,2000,58,17.47,60,2.55,3797,1.3376839913537e-10,2848.126709,113.62,37.81,1,1,4,0.7,3.745575192,2.25,0.025,0.1,57,0.836773157119751,11438
Tianquan Jiamei Building 2,723,36,40,12,2000,58,17.47,60,2.55,3797,1.3376839913537e-10,2848.126709,113.62,37.81,1,0,2,0.6,3.745575192,6,0.025,0.05,57,0.836773157119751,11438
Tianrunyuan Community Building 1,1651,21,80,18,2200,59,15.08,30,2.47,2081,4.7367199051962e-10,2151.73999,104.17,36.54,2,0,8,0.7,3.216234269,4.5,0.025,0.1,62,0.858234941959381,10437
Tianshui Road Community Building 1,1470,15,50,12,3500,54,16.28,42.83,1.8,2289,4.39406039332013e-10,14405.67285,103.85,36.05,5,0,10,0.5,6.621804697,6.3,0.1,0.2,63,0.937584817409515,10436
Tianwei Hotel,1143,28,29,10.5,2835,49.8,17.28,71.5,1.68,3813,1.40447919960707e-09,18316.16406,105.72,34.58,1,0.5,8,2.75862069,2.23442611,1.3125,0.034482759,0.275862069,61,0.878099918365479,10635
Tielu Xincun Xinyuan Residential Community Building 1,1481,24,50,6,1400,51,16.2,43.17,1.82,2745,4.39406039332013e-10,8028.291016,103.84,36.04,1,0,2,0.32,6.621804697,3,0.02,0.04,62,0.926468372344971,10436
Tielu Xincun Xinyuan Residential Community Building 2,1485,15,70,13.5,1600,60,16.2,43.17,1.82,2745,4.39406039332013e-10,8028.291016,103.84,36.04,4,1,13,0.464285714,6.621804697,3.75,0.057142857,0.185714286,62,0.926468372344971,10436
Tienanlou 5,0,11.5,60,9,2800,40,18.9,89.67,2.98,4048,-1.09E-10,2112.590576,118.1,39.56,1,1,3,0.2,9.342985078,2.9997,0.016666667,0.05,63,0.926789224147797,11840
Tongcheng Yijing 3,1043,72.8,50,13.06666667,3575,54,15.03,49.33,2.97,2055,-3.56E-11,3921.418945,113.26,40.07,4,0,13,2.253333333,4.411076668,3.686666667,0.08,0.26,63,0.924022138118744,11340
Tuanjie Community North Area Building 18,1044,15,80,9,3300,48,15.5,72.17,2.68,7877,-1.17E-10,87.89920807,117.72,40.84,6,0,20,0.416666667,8.127158237,2.3811,0.075,0.25,7,0.358076125383377,11841
Tuanjie Community North Area Building 27,1040,15,50,12,1400,50,14.27,36.33,3.17,2350,-4.39E-11,9328.251953,111.72,40.84,4,1,13,0.433333333,8.127158237,3.75,0.08,0.26,63,0.881061494350433,11241
Tuanjie Community North Area Jiaheju,1054,18,60,12,2400,55,14.27,36.33,3.17,2350,-4.39E-11,9328.251953,111.72,40.84,6,0,46,0.92,8.127158237,1.65858,0.1,0.766666667,63,0.881061494350433,11241
Tuanjie Community East Area A-3 Building,1052,18,40,6,1200,49,14.27,36.33,3.17,2350,-4.39E-11,9328.251953,111.72,40.84,2,0,7,1.05,8.127158237,1.7142,0.05,0.175,63,0.881061494350433,11241
Wancheng Huafu Building 12,1043,75,40,15,3300,57,15.02,49.83,3,2055,-3.56E-11,3385.910889,113.27,40.07,3,0,5,2.875,4.411076668,9,0.075,0.125,63,0.939226984977722,11340
Wancheng Huafu Building 14,1046,25,120,7,4550,55,15.02,49.83,3,2055,-3.56E-11,3385.910889,113.27,40.07,8,0,30,2,4.411076668,1.8669,0.066666667,0.25,63,0.939226984977722,11340
Wancheng Huafu Phase 2,1047,76,70,16.5,9600,50,14.98,49.83,3.02,2055,-3.56E-11,3039.153076,113.28,40.07,3,1,15,2.678571429,4.411076668,3.1611,0.042857143,0.214285714,63,0.944855093955994,11340
Wanfu Jiayuan,783,39,70,19,2450,61,16.82,55,2.48,5455,-9.45E-12,7039.257813,112.72,38.44,4,1,18,1.114285714,3.846571398,3.8337,0.057142857,0.257142857,63,0.8939169049263,11338
Wanhe Huafu Building 6,83,48,40,24.66666667,2400,67,19.87,65.83,2.28,2703,3.52209678089466e-10,798.7449951,114.45,37.94,11,1,36,1.6,5.282647592,7.166666667,0.275,0.9,45,0.868285059928894,11438
Wanjia Yuan Community,687,18,20,9,12000,54,17.7,59.67,2.47,4420,1.14065555611997e-10,244.5931702,113.59,37.84,7,0,12,1.2,5.629102658,5.25,0.35,0.6,60,0.863310754299164,11438
Wansheng Garden,1735,22,70,13,1600,54,15.05,30.17,2.45,2081,4.7367199051962e-10,2220.569336,104.18,36.54,1,0,4,0.4,3.216234269,3.25,0.014285714,0.057142857,61,0.884595394134521,10437
Wangxian West Road No.17,1660,18,30,7.5,1000,41,15.08,30,2.47,2081,4.7367199051962e-10,2151.73999,104.17,36.54,2,1,6,0.6,3.216234269,2.49975,0.066666667,0.2,62,0.858234941959381,10437
"Weichang Jiutai Construction and Installation Co., Ltd.",847,18,69,16.5,2622,54,14.2,59.17,2.88,5260,-1.14E-10,430.1930542,117.76,41.94,4,0,7,0.304347826,3.650224215,9.24975,0.057971014,0.101449275,50,0.79274970293045,11842
Weishengju Residential Building 2,1204.74,15,10,6,150,56,16.4,24.5,2.5,5411,2.53585569209847e-10,862.8996582,105.18,37.51,2,0.5,3,1.5,4.125411304,4.0002,0.2,0.3,61,0.629029631614685,10538
Wenxinyuan Court,797,18,67,12.75,2010,85,16.82,55,2.48,5455,-9.45E-12,7039.257813,112.72,38.44,6,1,24,0.537313433,3.846571398,2.875125,0.089552239,0.358208955,63,0.8939169049263,11338
Wenfengyuan Court,894,93,60,10.5,2400,51,16.73,58.33,2.45,4171,4.80922697498887e-11,505.7052002,111.13,37.55,5,0,20,5.166666667,4.525735553,2.55,0.083333333,0.333333333,59,0.763159334659576,11138
Wenxingyuan Community Building 2 Unit 2,770,90,50,14,3200,53,17.08,54.83,2.43,2770,1.85207613134786e-10,41193.37109,112.52,37.86,6,0,19,3.8,7.830320956,4.8969,0.12,0.38,63,0.93959641456604,11338
Wenxingyuan Community Building 3 Unit 2,783,90,30,16,1000,38,17.08,54.83,2.43,2770,1.85207613134786e-10,41193.37109,112.52,37.86,3,0.5,6,3,7.830320956,8,0.1,0.2,63,0.93959641456604,11338
Nameless,1126,17.5,28,6.25,800,49,17.37,71.5,1.68,3883,1.43558154253043e-09,4892.974121,105.75,34.58,2,1,7,0.875,2.23442611,1.77075,0.071428571,0.25,60,0.854923784732819,10635
Nameless Community,1244,54.8,59.8,8.3,1408.8,49.86,15.966,64.9,1.92,3816.4,1.2341903055102e-09,4955.641406,106.312,35.156,6,1,34,2.478929766,2.23442611,1.7,0.100334448,0.568561873,7,0.273500949144363,10635
Nameless Community 1,1122,21,66,9,2001,46.3,17.28,71.5,1.68,3813,1.40447919960707e-09,12619.66602,105.73,34.58,5,0,21,0.742424242,2.23442611,2.2857,0.075757576,0.318181818,61,0.878099918365479,10635
Nameless Community 2,1122,21,66,7.5,720,50.8,17.28,71.5,1.68,3813,1.40447919960707e-09,12619.66602,105.73,34.58,2,1,14,0.742424242,2.23442611,1.07175,0.03030303,0.212121212,61,0.878099918365479,10635
Wutongyuan Court,936,21,50,15.75,2000,60,16.75,58.33,2.5,4171,4.80922697498887e-11,4088.232422,111.11,37.51,7,0,28,0.98,4.525735553,3.53925,0.14,0.56,51,0.746369302272797,11138
Wuli Zhuangyuan Building 15,39,54,40,10,31500,62,20.27,67,2.38,3114,3.52209678089466e-10,6908.503906,114.44,38,8,1,12,1.8,5.282647592,6.75,0.2,0.3,62,0.905580580234528,11438
Wutan Community,0,18,60,14,1400,47,20.17,66.17,2.63,2476,2.45141351662426e-10,976.1282349,116.11,38.68,5,0,24,0.8,7.227339261,2.7184,0.083333333,0.4,62,0.910950005054474,11639
Xi'an Community 1,800,34,85,13.6,4000,54,17.07,51.67,2.57,2432,2.12641015906456e-10,16323.86328,112.51,37.83,9,1,25,0.647058824,7.830320956,4.08,0.105882353,0.294117647,63,0.866991400718689,11338
Xi'an Community 2,783,73,70,12,4000,52,17.07,51.67,2.57,2432,2.12641015906456e-10,16323.86328,112.51,37.83,4,1,24,2.742857143,7.830320956,1.916666667,0.057142857,0.342857143,63,0.866991400718689,11338
Xi'an Community 3,783,81,90,13,11000,52,17.07,51.67,2.57,2432,2.12641015906456e-10,16323.86328,112.51,37.83,12,0,48,2.4,7.830320956,3.25,0.133333333,0.533333333,63,0.866991400718689,11338
Xi'an Community 1,784,63,51,8.5,5915,41,17.07,51.67,2.57,2432,2.12641015906456e-10,16323.86328,112.51,37.83,6,1,24,3.294117647,7.830320956,2.125,0.117647059,0.470588235,63,0.866991400718689,11338
Xi'an Community 2,784,81,58,13.5,2664,42,17.07,51.67,2.57,2432,2.12641015906456e-10,16323.86328,112.51,37.83,9,1,32,3.724137931,7.830320956,3.65625,0.155172414,0.551724138,63,0.866991400718689,11338
Xi'an Community 3,784,81,55,12,1300,40,17.07,51.67,2.57,2432,2.12641015906456e-10,16323.86328,112.51,37.83,7,1,24,3.927272727,7.830320956,3.5,0.127272727,0.436363636,63,0.866991400718689,11338
Xicheng Fengjing Yideyuan 18,729,18,30,7.5,600,52,17.47,60.33,2.48,3797,1.3376839913537e-10,2848.126709,113.61,37.81,2,0,4,0.4,3.745575192,3.75,0.066666667,0.133333333,56,0.896016776561737,11438
Xicheng Fengjing Yideyuan 20,729,18,30,9,600,52,17.47,60.33,2.48,3797,1.3376839913537e-10,2848.126709,113.61,37.81,1,0,3,0.6,3.745575192,2.9997,0.033333333,0.1,56,0.896016776561737,11438
Xicheng Fengjing Yideyuan 21,729,18,30,10.5,600,52,17.47,60.33,2.48,3797,1.3376839913537e-10,2848.126709,113.61,37.81,2,0,6,0.6,3.745575192,3.49965,0.066666667,0.2,56,0.896016776561737,11438
Xicheng Fengjing Yideyuan 30,729,18,30,10.5,600,52,17.47,60.33,2.48,3797,1.3376839913537e-10,2848.126709,113.61,37.81,2,0,6,0.6,3.745575192,3.49965,0.066666667,0.2,56,0.896016776561737,11438
Xicheng Fengjing Fengzeyuan,729,52,40,16,2000,52,17.47,60.33,2.48,3797,1.3376839913537e-10,2848.126709,113.61,37.81,4,0,12,1.7,3.745575192,5,0.1,0.3,56,0.896016776561737,11438
Xiguayuan Resettlement Building,1344,18,64,6.5,1241,43.5,15.03,60.5,2.08,3772,1.11149389692144e-09,7475.591797,106.68,35.54,3,0,12,0.375,2.575777329,1.625,0.046875,0.1875,62,0.803469896316528,10736
Xiguan School Family Building 1,737,18,20,6,4000,54,17.47,60.33,2.48,3797,1.3376839913537e-10,2848.126709,113.61,37.81,3,0,4,1.2,3.745575192,4.5,0.15,0.2,56,0.896016776561737,11438
Xiguan School Family Building 2,737,18,20,12,4000,54,17.47,60.33,2.48,3797,1.3376839913537e-10,2848.126709,113.61,37.81,2,0,2,0.6,3.745575192,12,0.1,0.1,56,0.896016776561737,11438
Xiguan School Family Building 3,737,18,20,9,4000,54,17.47,60.33,2.48,3797,1.3376839913537e-10,2848.126709,113.61,37.81,7,0,8,0.8,3.745575192,8.25,0.35,0.4,56,0.896016776561737,11438
Xijingyuan Xinhu Gang,1344,45,50,8.75,1794,49,15,60,2.13,3772,1.11149389692144e-09,11445.50684,106.67,35.55,3,1,8,1.44,2.575777329,3.4375,0.06,0.16,61,0.854307651519775,10736
Xixing Community,1334,78,15,7.5,250,53,15.03,60.5,2.08,3772,1.11149389692144e-09,7475.591797,106.68,35.54,2,0.5,6,5.2,2.575777329,2.49975,0.133333333,0.4,62,0.803469896316528,10736
Xixing Community 2,1334,78,15,6,375,53,15.03,60.5,2.08,3772,1.11149389692144e-09,7475.591797,106.68,35.54,1,0.5,2,3.466666667,2.575777329,3,0.066666667,0.133333333,62,0.803469896316528,10736
Xixing Community 3,1334,78,15,4.5,525,53,15.03,60.5,2.08,3772,1.11149389692144e-09,7475.591797,106.68,35.54,3,0,4,3.466666667,2.575777329,3.75,0.2,0.266666667,62,0.803469896316528,10736
Xia'an Village Resettlement Community,982,18,65,15,1365,50,16.53,60,2.45,3678,4.80922697498887e-11,236.9792786,111.13,37.56,5,0,12,0.553846154,4.525735553,5.997,0.076923077,0.184615385,58,0.759134471416473,11138
Modern City,78,96,45,10.5,4050,49,20.15,66,2.42,2679,3.27030652558236e-10,2083.497559,114.56,38.16,17,0.5,22,2.607407407,5.339318905,8.04165,0.377777778,0.488888889,62,0.921846032142639,11538
Xianghe Jiayuan Building 28,1705.16,20,40,6.75,1500,47,15.03,30.17,2.5,2081,4.62192173422693e-10,4051.734619,104.16,36.55,3,1,9,0.7875,3.216234269,2.0625,0.075,0.225,62,0.796943068504333,10437
Xianghe Jiayuan Building 2,1687.56,20,80,11.5,3000,51,15.03,30.17,2.5,2081,4.62192173422693e-10,4051.734619,104.16,36.55,3,1,12,0.35,3.216234269,2.875,0.0375,0.15,62,0.796943068504333,10437
Xianghe Community,914,18,70,12,2450,57,16.77,58,2.48,4171,4.80922697498887e-11,4088.231445,111.13,37.53,6,1,21,0.6,4.525735553,3.146,0.085714286,0.3,60,0.869727492332458,11138
Xianghe Community Building 1,1495.15,17,60,12.5,3200,55,16.12,43,1.82,2745,4.1975678488626e-10,8031.983887,103.83,36.04,3,0.5,8,0.4,6.621804697,4.875,0.05,0.133333333,62,0.8785480260849,10436
Xianghe Community Area II Building 10,1043,18,125,11.5,4200,51,14.88,38.83,3.15,2695,-4.25E-11,35443.32813,111.65,40.81,5,0,32,0.512,8.127158237,1.833266667,0.04,0.256,63,0.919885158538818,11241
Xianghe Community Area III Building 11,1034,18,50,10.33333333,1800,47,14.88,38.83,3.15,2695,-4.25E-11,35443.32813,111.65,40.81,6,0,20,0.8,8.127158237,3.111266667,0.12,0.4,63,0.919885158538818,11241
Xianghe Community Area III Building 3,1036,18,90,13.66666667,1666.666667,47,14.88,38.83,3.15,2695,-4.25E-11,35443.32813,111.65,40.81,7,0,26,0.577777778,8.127158237,3.6875,0.077777778,0.288888889,63,0.919885158538818,11241
Xiangning Jiayuan Building 1,80,36,60,12,1200,60,19.87,65.83,2.28,2703,3.52209678089466e-10,798.7449951,114.45,37.94,6,1,20,0.8,5.282647592,3.6,0.1,0.333333333,45,0.868285059928894,11438
Xiangyu Garden Community Building 14,1049,20,70,9.5,3200,48,14.88,38.83,3.15,2695,-4.25E-11,35443.32813,111.65,40.81,4,1,8,0.4,8.127158237,4.23315,0.057142857,0.114285714,63,0.919885158538818,11241
Xiangyang Area A Building 1,1201.51,15,60,9,2000,44,16.4,24.5,2.5,5411,2.53585569209847e-10,862.8996582,105.18,37.51,3,0,15,0.416666667,4.125411304,1.8,0.05,0.25,61,0.629029631614685,10538
Xiangyang Area A Building 5,1191.09,15.5,70,7,2000,42,16.4,24.5,2.5,5411,2.53585569209847e-10,862.8996582,105.18,37.51,3,1,17,0.607142857,4.125411304,1.1909,0.042857143,0.242857143,61,0.629029631614685,10538
Xiangyang Area B Building 1,1195.79,15,90,6,3300,43,16.4,24.5,2.5,5411,2.53585569209847e-10,862.8996582,105.18,37.51,3,1,8,0.222222222,4.125411304,1.875,0.033333333,0.088888889,61,0.629029631614685,10538
Xiangyangli Subdistrict Nanhuan Road,1059,19,80,14.5,2000,58,14.93,47.67,2.95,2055,-3.56E-11,2569.780518,113.29,40.06,3,1,16,0.6,4.411076668,2.625,0.0375,0.2,63,0.921345591545105,11340
Xiangyang Community Building 22,1194,18,60,8.5,2100,42,16.4,24.5,2.5,5411,2.53585569209847e-10,862.8996582,105.18,37.51,6,1,44,1.1,4.125411304,1.068075,0.1,0.733333333,61,0.629029631614685,10538
Xiaowang Community,854,75,80,12.5,4000,58,17.1,51.83,2.6,2432,1.85207613134786e-10,18895.23242,112.51,37.84,11,0,35,2.625,7.830320956,3.7859,0.1375,0.4375,63,0.934915721416473,11338
Xiaolao Si Hotel,1874,16,20,5,240,59,12.22,51.33,2.12,3589,6.86232182189883e-10,6600.537598,104.62,35.58,2,0.5,5,1.25,1.748585732,2,0.1,0.25,60,0.815599143505096,10536
Xin'aocheng Area B Building 20,723,110,40,15,50000,65,17.55,58.33,2.52,3929,1.19538018372722e-10,924.5043945,113.58,37.88,2,0,6,5.4,5.629102658,4.9995,0.05,0.15,61,0.839086890220642,11438
Xindi Yangguang Jiayuan Building 4,1691,18,40,6,1200,34,15.05,30.17,2.45,2081,4.7367199051962e-10,2220.569336,104.18,36.54,1,0,4,0.6,3.216234269,1.5,0.025,0.1,61,0.884595394134521,10437
Xindi Yangguang Jiayuan Building 9,1671,21,20,10.5,1000,43,15.05,30.17,2.45,2081,4.7367199051962e-10,2220.569336,104.18,36.54,2,0,7,1.225,3.216234269,3.1248,0.1,0.35,61,0.884595394134521,10437
Xinfeng Road No.54-2,654,18,82,10.875,1394,65,14.97,63.17,2.73,6531,-8.89E-11,286.9842529,116.64,41.2,5,1,16,0.292682927,2.668889209,3.28125,0.06097561,0.195121951,60,0.817656457424164,11741
Xinhaiyuan Community,-12,21,34,13.5,1600,61,17.13,86.17,4.03,6449,-1.17E-10,199.6654816,119.24,39.48,6,1,33,1.455882353,5.374131422,2.384025,0.176470588,0.970588235,7,0.465377569198608,11939
Xinhewan 1,1284,66,40,10,3500,58,15,60,2.15,3961,1.11149389692144e-09,156.7866058,106.73,35.55,3,1,11,2.016666667,2.575777329,2.7499,0.075,0.275,44,0.545565843582153,10736
Xinhewan 2,1284,66,40,12,1375,62,15,60,2.15,3961,1.11149389692144e-09,156.7866058,106.73,35.55,3,1,9,2.475,2.575777329,3.3,0.075,0.225,44,0.545565843582153,10736
Xinhewan 3,1322,96,20,6,2000,59,15.13,60,2.13,3961,1.11149389692144e-09,156.7866058,106.71,35.55,1,1,2,3.2,2.575777329,3,0.05,0.1,58,0.576743006706238,10736
Xinhewan 4,1322,78,50,6.5,3600,55,15.13,60,2.13,3961,1.11149389692144e-09,156.7866058,106.71,35.55,3,1,8,2.08,2.575777329,2.125,0.06,0.16,58,0.576743006706238,10736
Xinhewan 5,1322,54,60,9.25,4500,52,15.13,60,2.13,3961,1.11149389692144e-09,156.7866058,106.71,35.55,5,1,16,1.2,2.575777329,2.6875,0.083333333,0.266666667,58,0.576743006706238,10736
Xinhewan 6,1322,54,60,5,4500,54,15.13,60,2.13,3961,1.11149389692144e-09,156.7866058,106.71,35.55,2,1,8,1.2,2.575777329,1.25,0.033333333,0.133333333,58,0.576743006706238,10736
Xinhewan 7,1322,78,50,6,4500,57,15.13,60,2.13,3961,1.11149389692144e-09,156.7866058,106.71,35.55,1,0,6,3.12,2.575777329,1.0002,0.02,0.12,58,0.576743006706238,10736
Xinhewan 8,1322,78,50,5,3150,57,15.13,60,2.13,3961,1.11149389692144e-09,156.7866058,106.71,35.55,2,1,9,2.34,2.575777329,1.15,0.04,0.18,58,0.576743006706238,10736
Xinhu Garden 1,1371,21,86,12,1344,49.3,15,60,2.13,3772,1.11149389692144e-09,11445.50684,106.67,35.55,1,0,2,0.162790698,2.575777329,6,0.011627907,0.023255814,61,0.854307651519775,10736
Xinhu Garden 2,1371,21,86,7.5,1344,46,15,60,2.13,3772,1.11149389692144e-09,11445.50684,106.67,35.55,2,1,7,0.284883721,2.575777329,2.1249,0.023255814,0.081395349,61,0.854307651519775,10736
Xinhu Garden 3,1371,21,123,12,1965,59.3,15,60,2.13,3772,1.11149389692144e-09,11445.50684,106.67,35.55,3,1,16,0.303523035,2.575777329,2.3001,0.024390244,0.130081301,61,0.854307651519775,10736
Xinhu Garden 4,1371,21,123,9,1965,48.9,14.95,59.83,2.17,3772,1.11149389692144e-09,6998.974121,106.67,35.54,4,1,11,0.208672087,2.575777329,3.1666,0.032520325,0.089430894,61,0.873152613639832,10736
Xinhua Xinju,700,21,40,6.333333333,400,67,17.72,59.17,2.48,4420,1.14065555611997e-10,1313.299316,113.59,37.85,5,1,24,1.4,5.629102658,1.416666667,0.125,0.6,61,0.912723362445831,11438
Xinhuayuan Building 3,1042,18,60,13,4000,55,14.63,38.67,3.13,2695,-4.40E-11,19136.15625,111.69,40.83,3,0,14,0.7,8.127158237,2.895975,0.05,0.233333333,63,0.924699187278748,11241
Xinhuayuan Building 4,1044,18,60,13,4000,52,14.63,38.67,3.13,2695,-4.40E-11,19136.15625,111.69,40.83,3,0,13,0.65,8.127158237,3.02985,0.05,0.216666667,63,0.924699187278748,11241
Xinleyuan No.16 Building 1,1572,24,20,11,800,48,16.2,43.17,1.82,2745,4.39406039332013e-10,8028.291016,103.84,36.04,4,0.5,15,2,6.621804697,3,0.2,0.75,62,0.926468372344971,10436
Xinleyuan Building 18,1490,18,30,18,1000,45,16.2,43.17,1.82,2745,4.39406039332013e-10,8028.291016,103.84,36.04,1,0,4,0.8,6.621804697,4.5,0.033333333,0.133333333,62,0.926468372344971,10436
Xinleyuan Building 19,1487,24,40,18,400,47,16.2,43.17,1.82,2745,4.39406039332013e-10,8028.291016,103.84,36.04,1,0.5,6,1.2,6.621804697,3.0006,0.025,0.15,62,0.926468372344971,10436
Xinmei Tiandi 1,786,102,73,15,5588,34,17.07,51.67,2.57,2432,2.12641015906456e-10,16323.86328,112.51,37.83,2,1,14,3.260273973,7.830320956,2.1435,0.02739726,0.191780822,63,0.866991400718689,11338
Xinmei Tiandi 2,786,57,50,7.5,3610,49,17.07,51.67,2.57,2432,2.12641015906456e-10,16323.86328,112.51,37.83,2,1,12,2.28,7.830320956,1.25025,0.04,0.24,63,0.866991400718689,11338
Xinshiji Garden Building 15,1661,21,60,19.5,7200,53,15.05,30.67,2.42,1531,4.62192173422693e-10,7283.065918,104.14,36.54,3,1,11,0.641666667,3.216234269,5.74965,0.05,0.183333333,62,0.752404928207397,10437
Xinshiji Garden Building 20,1666,21,50,19,1200,29,15.05,30.67,2.42,1531,4.62192173422693e-10,7283.065918,104.14,36.54,1,1,2,0.28,3.216234269,9.5,0.02,0.04,62,0.752404928207397,10437
Xinshiji Garden Building 22,1671,21,90,4.5,2200,31.5,15.05,30.67,2.42,1531,4.62192173422693e-10,7283.065918,104.14,36.54,2,0,8,0.311111111,3.216234269,1.2999,0.022222222,0.088888889,62,0.752404928207397,10437
Xinshuyuan Block B,1116,17,90,10.16666667,5500,49,14.37,36.5,3.12,2350,-4.39E-11,3770.125,111.7,40.85,5,0,13,0.288888889,8.127158237,4.466666667,0.055555556,0.144444444,63,0.819698631763458,11241
Xinyue Community Building 11,1082,18,60,4.5,2400,45,16.35,25.67,2.65,3985,7.56520887601475e-11,2247.632813,106.27,38.45,7,0,17,0.85,6.870651127,1.8957,0.116666667,0.283333333,63,0.754781007766724,10638
Xinyue Community Building 5,1081,18,50,10.5,700,36,16.35,26,2.62,3985,7.56520887601475e-11,2247.632813,106.28,38.45,3,0,12,0.72,6.870651127,3.4287,0.06,0.24,63,0.834824919700623,10638
Xinyue Community Building 6,1077,18,50,8.25,4200,42,16.35,26,2.62,3985,7.56520887601475e-11,2247.632813,106.28,38.45,8,0,29,0.87,6.870651127,2.193675,0.16,0.58,63,0.834824919700623,10638
Xinyuan Community Building 29,1680,18,50,18,1400,54,15.03,30.5,2.4,2081,4.7367199051962e-10,1896.500366,104.19,36.54,1,1,8,0.96,3.216234269,2.25,0.02,0.16,60,0.766489803791046,10437
Xinyuan Community Building 35,1695,18,50,14,1200,51,15.03,30.5,2.4,2081,4.7367199051962e-10,1896.500366,104.19,36.54,3,1,25,1,3.216234269,1.7083,0.06,0.5,60,0.766489803791046,10437
Xinyuan Community Building 36,1690,18,50,10.5,1800,52,15.03,30.5,2.4,2081,4.7367199051962e-10,1896.500366,104.19,36.54,3,1,18,1.08,3.216234269,1.49985,0.06,0.36,60,0.766489803791046,10437
Xinmei Jiayuan 3,854,80,50,8.75,2800,50,17.07,51.67,2.57,2432,2.12641015906456e-10,16323.86328,112.51,37.83,7,1,40,6.4,7.830320956,1.375,0.14,0.8,63,0.866991400718689,11338
Xingguang Garden Building 1,1075,18,80,9,3000,57,16.35,25,2.72,3985,7.56520887601475e-11,2247.632813,106.27,38.44,1,1,10,0.75,6.870651127,0.9,0.0125,0.125,63,0.734622895717621,10638
Xingguang Garden Building 4,1072,18,80,9,5400,51,16.35,25.67,2.65,3985,7.56520887601475e-11,2247.632813,106.27,38.45,3,1,21,0.7875,6.870651127,1.0833,0.0375,0.2625,63,0.754781007766724,10638
Xingguanghua Residential Area B Building 12,1066,18,70,11,3600,48,16.37,24.5,2.85,3985,7.56520887601475e-11,2247.632813,106.26,38.44,7,1,35,1,6.870651127,2.1532,0.1,0.5,63,0.751453340053558,10638
Xingguanghua Residential Area B Building 14,1087,18,40,11,2100,37,16.37,24.5,2.85,3985,7.56520887601475e-11,2247.632813,106.26,38.44,4,1,17,0.85,6.870651127,2.6666,0.1,0.425,63,0.751453340053558,10638
Xingguanghua Residential Area B Building 15,1090,18,40,12,1600,44,16.37,24.5,2.85,3985,7.56520887601475e-11,2247.632813,106.26,38.44,3,1,12,0.9,6.870651127,2.7501,0.075,0.3,63,0.751453340053558,10638
Xing'anyuan 1,1089,18,118,12,1770,56,14.72,55.83,2.83,4992,-7.75E-11,799.8781128,113.25,38.75,6,0,27,0.457627119,1.651416888,2.8886,0.050847458,0.228813559,9,0.844297170639038,11339
Xing'anyuan 2,1089,18,118,11.25,1770,56,14.72,55.83,2.83,4992,-7.75E-11,799.8781128,113.25,38.75,5,1,36,0.457627119,1.651416888,1.583175,0.042372881,0.305084746,9,0.844297170639038,11339
Xingda Community 11,784,48,30,18.90909091,360,55,17.07,56,2.6,2770,1.85207613134786e-10,14128.53516,112.54,37.87,15,0.5,30,1.727272727,7.830320956,9.514927273,0.5,1,63,0.904276788234711,11338
Xingda Community 12,784,48,30,18,480,52,17.07,56,2.6,2770,1.85207613134786e-10,14128.53516,112.54,37.87,9,0.5,22,1.741666667,7.830320956,7.9739125,0.3,0.733333333,63,0.904276788234711,11338
Xingfu Jiayuan,933,18,75,12,1725,46,16.65,59.67,2.42,3458,7.72329838971686e-11,2949.081787,111.13,37.5,3,0.5,12,0.48,4.525735553,2.7735,0.04,0.16,55,0.740014731884003,11138
Xiujunyuan 1,781,15,50,10,1250,52,16.85,56.17,2.52,5455,-9.45E-12,6922.654785,112.71,38.43,4,0,9,0.3,3.846571398,5,0.08,0.18,63,0.907599329948425,11338
Xiujunyuan 2,781,15,50,6,1250,52,16.85,56.17,2.52,5455,-9.45E-12,6922.654785,112.71,38.43,1,1,3,0.3,3.846571398,1.9998,0.02,0.06,63,0.907599329948425,11338
Xiulinyuan Court,739,18,25,13.5,625,45,17.47,60.33,2.48,3797,1.3376839913537e-10,2848.126709,113.61,37.81,7,0,20,1.2,5.629102658,4.35,0.28,0.8,56,0.896016776561737,11438
Xiulin Yuan Area A,769,18,34,12,782,44,17.47,60.33,2.48,3797,1.3376839913537e-10,2848.126709,113.61,37.81,6,1,15,0.882352941,5.629102658,5,0.176470588,0.441176471,56,0.896016776561737,11438
Xuchan Gongsi Family Building,1088,18,50,10.5,1000,46,16.35,26,2.62,3985,7.56520887601475e-11,2247.632813,106.28,38.45,10,1,50,1,6.870651127,2.2375,0.2,1,63,0.834824919700623,10638
Xuefuyuan Court,754,51,16,13.5,1680,59,17.32,56.83,2.35,4438,1.97429614323674e-10,1286.506714,112.14,37.54,2,1,7,3.71875,4.03198864,3.6249,0.125,0.4375,40,0.909291505813599,11238
Yayuan Building 5,82,86,11,11.7,1806,49,19.68,64.33,2.32,3274,2.28700475224386e-10,1647.771362,114.36,38.31,13,0,31,3.1,3.529362289,5.80029,1.181818182,2.818181818,59,0.9000483751297,11438
Yayuan Building 7,82,91,12,13.5,1001,49,19.68,64.33,2.32,3274,2.28700475224386e-10,1647.771362,114.36,38.31,16,0,31,3.875,3.529362289,6.576,1.333333333,2.583333333,59,0.9000483751297,11438
Yayuan Building 8,82,77,13,12,1848,85,19.68,64.33,2.32,3274,2.28700475224386e-10,1647.771362,114.36,38.31,8,0,23,3.243589744,3.529362289,4.732,0.615384615,1.769230769,59,0.9000483751297,11438
Yalongwan,30,60,70,14.25,4500,55,20.08,67.17,2.65,3988,4.09284578450908e-10,691.9970093,116.78,38.29,8,0,23,1.971428571,5.067812589,5.1377375,0.114285714,0.328571429,61,0.817618250846863,11738
Yandongli,3,18,60,15,1200,55,17.02,86.33,4.08,3138,-1.51E-10,10029.83887,119.63,39.95,3,0,30,1,5.374131422,1.5,0.05,0.5,62,0.883132040500641,12040
Yanzhu Gongyu,712,63,47,17.25,799,64,17.52,58.83,2.53,3929,1.14065555611997e-10,924.5044556,113.59,37.87,8,0,19,2.122340426,5.629102658,6.6,0.170212766,0.404255319,62,0.909726500511169,11438
Yangguan Zhuzhai,916,96,56,16,2016,56,16.63,59.33,2.43,3272,4.80922697498887e-11,3040.074951,111.15,37.52,8,0,24,4.571428571,4.525735553,4.75,0.142857143,0.428571429,59,0.845520853996277,11138
Yangguang City Garden Building 1,83,42,10,19.5,756,55,19.7,64.33,2.32,3601,2.28700475224386e-10,1647.771484,114.36,38.3,16,0,84,8.4,3.529362289,3.6792,1.6,8.4,59,0.883487403392792,11438
Yangguang City Garden Building 8,83,70,10,14.25,1610,51,19.7,64.33,2.32,3601,2.28700475224386e-10,1647.771484,114.36,38.3,7,0,24,4.2,3.529362289,4.000125,0.7,2.4,59,0.883487403392792,11438
Yangguang Garden Building 3,1194,33,100,10.5,6000,49,16.4,24.5,2.5,5411,2.53585569209847e-10,862.8996582,105.18,37.51,6,1,38,1.045,4.125411304,1.6833,0.06,0.38,61,0.629029631614685,10538
Yangguang Jiayuan 14,-3,18,96,7.5,7500,40,18.9,89.67,2.98,4048,-1.09E-10,2112.590576,118.1,39.56,4,1,7,0.21875,9.342985078,4.05,0.041666667,0.072916667,63,0.926789224147797,11840
Yangguang Jiayuan 4,-3,18,65,6,600,40,18.9,89.67,2.98,4048,-1.09E-10,2112.590576,118.1,39.56,1,1,8,0.738461538,9.342985078,0.75,0.015384615,0.123076923,63,0.926789224147797,11840
Yangguang Community 1,785,18,75,12,1875,42,16.82,55,2.48,5455,-9.45E-12,7039.257813,112.72,38.44,9,1,24,0.48,3.846571398,4.500075,0.12,0.32,63,0.8939169049263,11338
Yangguang Community 2,774,18,75,13,1875,58,16.82,55,2.48,5455,-9.45E-12,7039.257813,112.72,38.44,3,0,18,0.48,3.846571398,2.1671,0.04,0.24,63,0.8939169049263,11338
Yangguang Xincheng Community 1,916,33,50,12,2000,39,15.2,55.83,2.85,2851,1.48968629098967e-10,1597.998535,114.59,39,2,1,3,0.66,2.042134504,8.0004,0.04,0.06,0,0.371837347745895,11539
Yangguang Xincheng Community 2,916,33,50,15,1800,42,15.2,55.83,2.85,2851,1.48968629098967e-10,1597.998535,114.59,39,1,1,3,0.66,2.042134504,4.9995,0.02,0.06,0,0.371837347745895,11539
Yangguang Xincheng Community 3,916,33,50,9,1750,33,15.2,55.83,2.85,2851,1.48968629098967e-10,1597.998535,114.59,39,1,1,2,0.44,2.042134504,4.5,0.02,0.04,0,0.371837347745895,11539
Yizhichuan South Street No.45,1489.63,16,50,10.5,2000,59,16.28,42.83,1.8,2289,4.39406039332013e-10,14405.67285,103.85,36.05,6,0.5,11,0.55,6.621804697,5.8002,0.12,0.22,63,0.937584817409515,10436
Yizhichuan South Street No.96 Family Quarters,1471.1,17,40,11.33333333,1200,49,16.28,42.83,1.8,2289,4.39406039332013e-10,14405.67285,103.85,36.05,7,1,22,1.1,6.621804697,3.785833333,0.175,0.55,63,0.937584817409515,10436
Yixin Jiayuan Building 4,60,52,25,15.5,520,61,20.17,61.67,2.43,3688,4.28234336879996e-10,2560.021973,114.84,38.04,7,0,20,2.88,5.282647592,5.025,0.28,0.8,54,0.913302540779114,11538
Yixinyuan Court,911,21,50,10.5,1000,51,16.57,59.17,2.48,3458,7.72329838971686e-11,933.4703369,111.11,37.49,5,0,12,0.84,4.525735553,4.23,0.1,0.24,43,0.713124632835388,11137
Ibis Hotel,1337,19,45,14.5,810,52.9,15,60,2.13,3772,1.11149389692144e-09,11445.50684,106.67,35.55,4,0.5,32,1.066666667,2.575777329,1.8125,0.088888889,0.711111111,61,0.854307651519775,10736
Yijia Yuanshangyuan,790,75,20,15,4050,52,17.07,52.83,2.47,2432,1.85207613134786e-10,22637.86523,112.51,37.85,4,0.5,6,2.5,7.830320956,9,0.2,0.3,63,0.93134069442749,11338
Yicun Community Building 13,780,20,50,15,2400,52,17.03,55.67,2.45,2770,1.85207613134786e-10,40642.88281,112.51,37.86,7,0,20,1.6,7.830320956,5.233475,0.14,0.4,63,0.93959641456604,11338
Yimin Xinqu (Resettlement Area),1096,18,70,13,1750,67,14.6,56,2.8,4947,-7.49E-11,82.36881256,113.22,38.78,5,0,18,0.514285714,1.651416888,3.8331,0.071428571,0.257142857,7,0.684978425502777,11339
Yiheju Building 1,1063,18,50,10.5,1200,46,14.32,36.5,3.13,2350,-4.39E-11,10482.2959,111.71,40.84,6,0,35,1.05,8.127158237,1.7562,0.12,0.7,63,0.877788484096527,11241
Yiheju Building 3,1051,18,50,13.5,1200,41,14.32,36.5,3.13,2350,-4.39E-11,10482.2959,111.71,40.84,3,0,13,0.78,8.127158237,2.96445,0.06,0.26,63,0.877788484096527,11241
Yin'anyuan Building 15,1681.45,18,60,8,2100,58,15.03,30,2.5,2081,4.7367199051962e-10,2101.137695,104.17,36.55,3,0,8,0.4,3.216234269,2.625,0.05,0.133333333,62,0.832804083824158,10437
Yin'anyuan Building 1,1668.35,21.5,70,12,800,53,15.03,30,2.5,2081,4.7367199051962e-10,2101.137695,104.17,36.55,10,0.5,26,0.52,3.216234269,4.8375,0.142857143,0.371428571,62,0.832804083824158,10437
Yin'anyuan Building 9,1675.19,18,40,15.75,1500,68,15.03,30,2.5,2081,4.7367199051962e-10,2101.137695,104.17,36.55,4,1,11,0.825,3.216234269,5.775,0.1,0.275,62,0.832804083824158,10437
Yinhao Jiayuan Building 3,1060,21.5,65,14,2400,50,14.87,46.5,3.05,1749,-3.56E-11,2495.427246,113.3,40.06,6,0,37,0.996153846,4.411076668,2.5159375,0.092307692,0.569230769,63,0.921345591545105,11340
Yinhao Jiayuan Building 4,1063,21.5,65,11.5,2400,54,14.93,47.67,2.95,2055,-3.56E-11,2569.780518,113.29,40.06,4,1,28,1.005128205,4.411076668,1.827616667,0.061538462,0.430769231,63,0.921345591545105,11340
Yintai Huafu Building 1-1,46,36,60,20.1,176400,63,20.18,66.5,2.37,2567,3.52209678089466e-10,798.7449341,114.45,37.98,23,1,60,1.2,5.282647592,7.69977,0.383333333,1,62,0.849832534790039,11438
Yintai Huafu Building 1-2,46,36,60,17,176400,68,20.18,66.5,2.37,2567,3.52209678089466e-10,798.7449341,114.45,37.98,12,0,36,1.2,5.282647592,5.8329,0.2,0.6,62,0.849832534790039,11438
Yintai Jiayuan West Area Building 12,63,54,50,20.1,13000,62,20.18,67,2.38,2567,3.52209678089466e-10,798.744873,114.46,37.98,19,0,40,1.44,5.282647592,7.65,0.38,0.8,62,0.869754433631897,11438
Yingjieyuan Court,992,24,58,13,1392,49,16.63,60,2.43,3678,4.80922697498887e-11,236.9792328,111.14,37.57,6,0,15,0.689655172,4.525735553,5.4,0.103448276,0.25862069,58,0.813450038433075,11138
Yingbin No.1 Building 11,1186.72,18,10,9,1200,50,16.15,25,2.45,5576,2.53585569209847e-10,3191.764404,105.21,37.51,1,0.5,1,0.6,4.125411304,9,0.1,0.1,60,0.735330522060394,10538
Yingbin No.1 Building 4,1199.34,18,50,9,2450,49,16.15,25,2.45,5576,2.53585569209847e-10,3191.764404,105.21,37.51,2,0,11,0.66,4.125411304,1.55025,0.04,0.22,60,0.735330522060394,10538
Yingbin No.1 Building 7,1191.32,18,50,9,2450,49,16.15,25,2.45,5576,2.53585569209847e-10,3191.764404,105.21,37.51,1,1,4,0.48,4.125411304,2.25,0.02,0.08,60,0.735330522060394,10538
Yongfeng Street Building 24,1684.45,20,40,4.25,1500,68,15.03,30,2.5,2081,4.7367199051962e-10,2101.137695,104.17,36.55,3,1,10,0.875,3.216234269,1.4,0.075,0.25,62,0.832804083824158,10437
Yongfeng Street Community Building 318,1704.44,9,30,6.5,1250,56,14.87,30.17,2.45,1722,4.7367199051962e-10,1864.465088,104.17,36.56,4,0.5,8,0.4,3.216234269,2.875,0.133333333,0.266666667,61,0.741918563842773,10437
Yongfeng Street Community Building 322,1699.63,21,60,19,2000,49,14.87,30.17,2.45,1722,4.7367199051962e-10,1864.465088,104.17,36.56,3,1,9,0.525,3.216234269,6.25,0.05,0.15,61,0.741918563842773,10437
Yongtai Xicheng Fengjing Building 6,737,18,20,12,4000,54,17.47,60.33,2.48,3797,1.3376839913537e-10,2848.126709,113.61,37.81,5,0,30,3,3.745575192,2,0.25,1.5,56,0.896016776561737,11438
Yongwang Jiayuan,47,27,67,9,1600,35,19.52,77.17,2.45,4782,-1.37E-10,1108.980103,116.23,40.06,4,0.5,12,1.611940299,16.49040485,2.9997,0.059701493,0.179104478,62,0.90498811006546,11640
Yongwang Jiayuan Area III,49,30,56,15,1200,35,19.5,76.5,2.43,3823,-1.35E-10,1108.980103,116.25,40.07,17,0,45,1.607142857,16.49040485,5.59998,0.303571429,0.803571429,63,0.889460384845734,11640
Yongxing Jiayuan Building 2,1094,18.5,80,9.5,3000,50,16.23,25.67,2.7,4733,7.56520887601475e-11,2247.633301,106.27,38.46,3,0,14,0.525,6.870651127,1.864475,0.0375,0.175,63,0.841740548610687,10638
Youdian Community,928,18,55,12,550,57,16.77,58,2.48,4171,4.80922697498887e-11,4088.231445,111.13,37.53,4,0,18,0.654545455,4.525735553,2.493,0.072727273,0.327272727,60,0.869727492332458,11138
Youhao Road Building 110,1693.36,12,60,8.5,1400,53,15,30,2.43,2081,4.7367199051962e-10,2117.403809,104.18,36.55,2,0,6,0.2,3.216234269,2.83305,0.033333333,0.1,61,0.838121771812439,10437
Youhao Road Building 116,1695.59,18,60,15.5,1600,50,15,30,2.43,2081,4.7367199051962e-10,2117.403809,104.18,36.55,4,0,10,0.5,3.216234269,6.2,0.066666667,0.166666667,61,0.838121771812439,10437
Youhao Road Building 178,1696.33,18,50,12.66666667,1750,52,15.03,30,2.5,2081,4.7367199051962e-10,2101.137695,104.17,36.55,5,1,13,0.52,3.216234269,4.566666667,0.1,0.26,62,0.832804083824158,10437
Youyi Street No.18 Block 31 Building,1038,18,50,8,2400,51,15.45,37,3.08,2201,-1.64E-11,17154.41211,109.82,40.64,4,1,25,1,10.28797015,1.2395,0.08,0.5,63,0.917516767978668,11041
Youyi Street No.18 Block 49 Building,1031,18,50,7.5,3200,50,15.45,37,3.08,2201,-1.64E-11,17154.41211,109.82,40.64,2,0,17,1.02,10.28797015,0.8958,0.04,0.34,63,0.917516767978668,11041
Youyi Street No.18 Block 50 Building,1048,18,50,16.5,2400,41,15.45,37,3.08,2201,-1.64E-11,17154.41211,109.82,40.64,2,0,19,1.14,10.28797015,1.7499,0.04,0.38,63,0.917516767978668,11041
Youyi Street No.18 Block 61 Building,1038,18,50,14,3000,49,15.45,37,3.08,2201,-1.64E-11,17154.41211,109.82,40.64,3,0,23,0.92,10.28797015,1.8574,0.06,0.46,63,0.917516767978668,11041
Youyi Street No.18 Block Fu 23 Building,1036,18,50,15,1600,49,15.45,37,3.08,2201,-1.64E-11,17154.41211,109.82,40.64,2,1,5,0.6,10.28797015,6,0.04,0.1,63,0.917516767978668,11041
Youyi Building 15,12,15,38,9,3000,55,18.77,87.5,2.93,4212,-1.09E-10,2112.591064,118.09,39.57,1,1,3,0.394736842,9.342985078,2.9997,0.026315789,0.078947368,63,0.881535589694977,11840
Youyi Building 3,12,15,8,6,3000,55,18.77,87.5,2.93,4212,-1.09E-10,2112.591064,118.09,39.57,1,0.5,3,1.875,9.342985078,1.9998,0.125,0.375,63,0.881535589694977,11840
Youyi Building 8,12,15,38,9,3000,55,18.77,87.5,2.93,4212,-1.09E-10,2112.591064,118.09,39.57,1,1,4,0.526315789,9.342985078,2.25,0.026315789,0.105263158,63,0.881535589694977,11840
Youyi Community,1053,18,50,9,550,43,14.83,39,3.13,2744,-4.25E-11,21199.8418,111.65,40.8,6,0,19,0.76,8.127158237,3.0477,0.12,0.38,63,0.888576865196228,11241
Youyi Community North Area Building 15,1021,18,50,7.5,1400,44,15.4,37.33,3.08,2201,-1.64E-11,17128.05469,109.83,40.64,3,1,16,0.96,10.28797015,1.5,0.06,0.32,63,0.846382856369019,11041
Youyi Community North Area Building 38,1037,18.5,90,14.5,2200,47,15.4,37.33,3.08,2201,-1.64E-11,17128.05469,109.83,40.64,4,0,33,0.733333333,10.28797015,1.740683333,0.044444444,0.366666667,63,0.846382856369019,11041
Youyi Community North Area Building 39,1026,18.5,120,11,4200,46,15.4,37.33,3.08,2201,-1.64E-11,17128.05469,109.83,40.64,5,0,43,0.5375,10.28797015,1.4552625,0.041666667,0.358333333,63,0.846382856369019,11041
Youyi Community North Area Building 91,1040,19,90,11.5,3300,48,15.45,37,3.08,2201,-1.64E-11,17154.41211,109.82,40.64,3,1,15,0.5,10.28797015,2.50015,0.033333333,0.166666667,63,0.917516767978668,11041
Youyi Community North Area Building 92,1040,19,90,11,3300,48,15.45,37,3.08,2201,-1.64E-11,17154.41211,109.82,40.64,4,0,22,0.488888889,10.28797015,2.485933333,0.044444444,0.244444444,63,0.917516767978668,11041
Youyi Community South Area Building 12,1045,18,80,9.25,7500,49,15.4,37.33,3.08,2201,-1.64E-11,17128.05469,109.83,40.64,6,0,18,0.675,10.28797015,2.95,0.075,0.225,63,0.846382856369019,11041
Youyi Community South Area Building 20,1033,18,80,13.5,2362.5,49,15.4,37.33,3.08,2201,-1.64E-11,17128.05469,109.83,40.64,7,0,21,0.7875,10.28797015,4.4316,0.0875,0.2625,63,0.846382856369019,11041
Youyi Community South Area Building 25,1028,18.5,70,14.66666667,3200,59,15.4,37.33,3.08,2201,-1.64E-11,17128.05469,109.83,40.64,6,0,30,0.857142857,10.28797015,2.833333333,0.085714286,0.428571429,63,0.846382856369019,11041
Youyi Community South Area Building 36,1036,19,90,12,3500,46,15.4,37.33,3.08,2201,-1.64E-11,17128.05469,109.83,40.64,4,1,22,0.733333333,10.28797015,2.2875,0.044444444,0.244444444,63,0.846382856369019,11041
Youse Jinshu Chukou Gongsi,2238,21,25,6,700,58,12.32,48.17,2.35,3780,-3.81E-11,9100.701172,101.78,36.63,1,1,4,1.12,5.563206934,1.5,0.04,0.16,63,0.920769810676575,10237
Yudu Garden Building 4,1205.49,19,70,8.666666667,2400,51,16.35,24.83,2.47,5411,2.53585569209847e-10,2105.354736,105.19,37.51,5,1,18,0.514285714,4.125411304,2.444333333,0.071428571,0.257142857,61,0.636834025382996,10538
Yudu Garden Building 6,1196.05,19,70,6.5,1600,54,16.35,24.83,2.47,5411,2.53585569209847e-10,2105.354736,105.19,37.51,2,1,6,0.514285714,4.125411304,2.16645,0.028571429,0.085714286,61,0.636834025382996,10538
Yudu Garden Building 8,1186.04,19,60,8.5,1050,56,16.35,24.83,2.47,5411,2.53585569209847e-10,2105.354736,105.19,37.51,3,1,16,0.8,4.125411304,1.5002,0.05,0.266666667,61,0.636834025382996,10538
Yucai Road Community,50,15,60,13.5,600,49,20.17,63,2.48,3688,4.28234336879996e-10,2560.021973,114.84,38.02,8,0,64,1.6,5.282647592,1.734375,0.133333333,1.066666667,59,0.913597881793976,11538
Yuhai Jiayuan,-9,36,30,18.85714286,600,20,19.77,82.5,2.53,3052,-2.33E-11,6671.571289,116.7,39.5,17,1,77,4.4,6.041448462,3.700928571,0.566666667,2.566666667,63,0.889672517776489,11740
Yujinyuan South Area Building 2,1048,72,70,6.75,5100,53,14.87,46.33,3.03,1749,-3.56E-11,2495.427002,113.31,40.06,5,1,11,2.042857143,4.411076668,2.975,0.071428571,0.157142857,63,0.9235919713974,11340
Yujinyuan South Area Building 4-1,1019,72,80,13.5,10800,54,14.87,46.33,3.03,1749,-3.56E-11,2495.427002,113.31,40.06,12,0,38,3.0875,4.411076668,3.596875,0.15,0.475,63,0.9235919713974,11340
Yujinyuan North Area Building 1,1065,72,50,16.16666667,6000,58,14.92,46.33,3.05,1749,-3.56E-11,2495.42749,113.31,40.07,9,1,19,3.293333333,4.411076668,5.912616667,0.18,0.38,63,0.921070635318756,11340
Yujinyuan North Area Building 4-2,1029,72,80,9.833333333,6600,52,14.92,46.33,3.05,1749,-3.56E-11,2495.42749,113.31,40.07,9,1,22,2.383333333,4.411076668,3.77065,0.1125,0.275,63,0.921070635318756,11340
Yujing Huacheng Building 10,1200.77,18,50,6,2100,49,16.02,24.17,2.67,4876,2.8036817312227e-10,3191.763428,105.2,37.5,1,1,1,0.12,4.125411304,6,0.02,0.02,61,0.688499271869659,10538
Yujing Huacheng Building 7,1179.59,18,80,9,3300,47,16.02,24.17,2.67,4876,2.8036817312227e-10,3191.763428,105.2,37.5,3,1,12,0.3,4.125411304,2.25,0.0375,0.15,61,0.688499271869659,10538
Yulongwan,929,90,48,15.75,1104,53,16.63,59.33,2.43,3272,4.80922697498887e-11,3040.074951,111.15,37.52,11,1,24,3.75,4.525735553,6.6,0.229166667,0.5,59,0.845520853996277,11138
Yuanzhongyuan Building 3,1032,20,35,11.76666667,1000,60,14.98,49.83,3.02,2055,-3.56E-11,3039.153076,113.28,40.07,6,0,21,1.4,4.411076668,3.026696667,0.171428571,0.6,63,0.944855093955994,11340
Yunjinyuan Building 36,1688,45.5,60,23,3500,45,15.02,30.67,2.38,1531,4.62192173422693e-10,3962.994629,104.13,36.54,3,0,5,0.625,3.216234269,12.791925,0.05,0.083333333,61,0.711757957935333,10437
Yunqinyuan Building 9,1050,22,70,13,3600,43,14.93,47.67,2.95,2055,-3.56E-11,2569.780518,113.29,40.06,13,0,70,1,4.411076668,2.241142857,0.185714286,1,63,0.921345591545105,11340
Yunxiang Community Building 2,1423.39,12,40,6.625,1000,53,16.12,43,1.82,2745,4.1975678488626e-10,8031.983887,103.83,36.04,7,0,22,0.55,6.621804697,2.4916,0.175,0.55,62,0.8785480260849,10436
Zhenbaoyuan Building 1,705,51,40,12,3600,59,17.57,58.67,2.52,3929,1.14065555611997e-10,924.5043945,113.59,37.88,2,0,4,0.85,5.629102658,6,0.05,0.1,60,0.865788340568542,11438
Zhenbaoyuan Building 2,705,51,40,10,3600,59,17.57,58.67,2.52,3929,1.14065555611997e-10,924.5043945,113.59,37.88,3,0,6,0.85,5.629102658,5,0.075,0.15,60,0.865788340568542,11438
Zhenbaoyuan Building 4,705,51,40,17.4,3600,59,17.57,58.67,2.52,3929,1.14065555611997e-10,924.5043945,113.59,37.88,5,0,15,1.275,5.629102658,5.79942,0.125,0.375,60,0.865788340568542,11438
Zhenbaoyuan Building 5,705,51,40,15.85714286,3600,59,17.57,58.67,2.52,3929,1.14065555611997e-10,924.5043945,113.59,37.88,12,0,28,1.7,5.629102658,6.642857143,0.3,0.7,60,0.865788340568542,11438
Zhenbaoyuan Building 6,705,51,40,11,3600,59,17.57,58.67,2.52,3929,1.14065555611997e-10,924.5043945,113.59,37.88,3,0,6,0.85,5.629102658,5.5,0.075,0.15,60,0.865788340568542,11438
Zhengfeng Community Building 1,1164,19,90,5.5,3000,65,16.23,25.67,2.7,4733,7.56520887601475e-11,2247.633301,106.27,38.46,3,0,9,0.6,6.870651127,1.83315,0.033333333,0.1,63,0.841740548610687,10638
Zhengjiatai Community Building 3,1460.56,21,30,15.5,900,56,16.3,42.83,1.8,2745,4.39406039332013e-10,7362.664551,103.84,36.05,3,0,9,1.05,6.621804697,4.7,0.1,0.3,62,0.938998997211456,10436
Zhengfu Family Building,1187,24.5,100,9.5,1300,54,16.35,24.83,2.47,5411,2.53585569209847e-10,2105.354736,105.19,37.51,1,0.5,5,0.4,4.125411304,1.9,0.01,0.05,61,0.636834025382996,10538
Zhijinyuan Court,1127,18,16,12,375,50,17.28,71.83,1.7,3813,1.40447919960707e-09,14226.17969,105.71,34.58,1,0,3,1.125,2.23442611,3.9996,0.0625,0.1875,61,0.899501979351044,10635
Zhijinyuan 2,1127,21,20,9,375,50,17.28,71.83,1.7,3813,1.40447919960707e-09,14226.17969,105.71,34.58,1,1,3,1.05,2.23442611,2.9997,0.05,0.15,61,0.899501979351044,10635
Zhicheng Huafu Building 10-1,75,78,40,15.85714286,18700,54,20.47,68.17,2.53,2751,3.27253169007946e-10,6908.504395,114.44,38.01,20,0,28,2.6,5.282647592,11.14285714,0.5,0.7,63,0.900244116783142,11438
Zhicheng Huafu Building 10-2,75,78,40,13,18700,54,20.47,68.17,2.53,2751,3.27253169007946e-10,6908.504395,114.44,38.01,3,0.5,3,0.65,5.282647592,13,0.075,0.075,63,0.900244116783142,11438
Zhicheng Huafu Building 7-1,75,78,40,12,4900,50,20.47,68.17,2.53,2751,3.27253169007946e-10,6908.504395,114.44,38.01,16,1,44,5.72,5.282647592,4.40814,0.4,1.1,63,0.900244116783142,11438
Zhicheng Huafu Building 7-2,75,78,40,16.5,4900,50,20.47,68.17,2.53,2751,3.27253169007946e-10,6908.504395,114.44,38.01,2,0,8,2.6,5.282647592,4.125,0.05,0.2,63,0.900244116783142,11438
Zhongfang Xingyuan,5,57,20,23,300,61,16.98,85.83,4.15,3138,-1.51E-10,19774.03711,119.62,39.94,3,0.5,18,5.7,5.374131422,3.8341,0.15,0.9,63,0.907984375953674,12040
China Coal Museum Dormitory,770,64,110,5.5,15300,52,17.07,52.83,2.47,2432,1.85207613134786e-10,22637.86523,112.51,37.85,3,0,13,1.654545455,7.830320956,1.39285,0.027272727,0.118181818,63,0.93134069442749,11338
Zhongguo Yisilanjiao Wenquan Tang,1470,24,30,18,800,53,16.3,42.83,1.8,2745,4.39406039332013e-10,7362.664551,103.84,36.05,1,1,10,2.666666667,6.621804697,1.8,0.033333333,0.333333333,62,0.938998997211456,10436
Zhonghe Yinjie,1840,16,38.5,14,1050,48,12.45,51.33,2.08,3930,6.74568345626625e-10,486.537262,104.6,35.61,3,0,16,0.831168831,1.748585732,2.5336,0.077922078,0.415584416,59,0.789721846580505,10536
Zhonghua Jiayuan Phase I Building 4,1055,17,90,12.75,3500,52,14.3,36.33,3.12,2350,-4.39E-11,3405.747803,111.71,40.85,8,1,26,0.433333333,8.127158237,3.553625,0.088888889,0.288888889,63,0.819698631763458,11241
Zhonghua Jiayuan Phase I No.9,1038,18.5,50,13.875,550,46,14.3,36.33,3.12,2350,-4.39E-11,3405.747803,111.71,40.85,8,0.5,23,0.69,8.127158237,4.9539125,0.16,0.46,63,0.819698631763458,11241
Zhongjing Garden,758,58,60,12,6300,50,17.08,54.83,2.43,2770,1.85207613134786e-10,41193.37109,112.52,37.86,5,1,18,1.9,7.830320956,3.4447,0.083333333,0.3,63,0.93959641456604,11338
Central Park,946,96,70,15,7000,55,16.77,59.33,2.42,4171,4.80922697498887e-11,4088.232422,111.13,37.54,4,0,12,1.828571429,4.525735553,5.25,0.057142857,0.171428571,60,0.822374284267426,11138
Zhongyang Meiyu,1056,73.8,80,10.66666667,2800,59,15,48.83,3.02,2055,-3.56E-11,2495.427246,113.29,40.08,9,1,24,2.6,4.411076668,3.982026667,0.1125,0.3,63,0.932614088058472,11340
Zhongyi Jiayuan Building 6,1182.77,32,70,11.375,6000,57,15.92,24.17,2.67,4876,2.8036817312227e-10,3191.763672,105.21,37.5,7,1,27,1.060714286,4.125411304,3.1846,0.1,0.385714286,60,0.812913060188293,10538
Ziruiyuan Building 2,1185.44,18,50,6,600,47,16.35,24.83,2.47,5411,2.53585569209847e-10,2105.354736,105.19,37.51,3,1,21,1.26,4.125411304,1.009,0.06,0.42,61,0.636834025382996,10538
Zuobiaocheng Area D 12,771,42,30,13.5,1500,53,17.47,60,2.55,3797,1.3376839913537e-10,2848.126709,113.62,37.81,5,0,12,2.8,5.629102658,5.748,0.166666667,0.4,57,0.836773157119751,11438
Zuobiaocheng Area D 8,766,24,100,14.25,2000,51,17.47,60,2.55,3797,1.3376839913537e-10,2848.126709,113.62,37.81,8,0,24,0.48,4.37475,0.08,0.24,379.2362,57,0.836773157119751,11438
